seqnames,start
16,53434200
12,123601930
19,39307841
1,1333413
1,169427468
4,1713277
3,14125250
6,145836231
1,12540503
17,50835182
1,16677772
6,169751536
10,123149391
4,147714565
4,1767162
14,68795977
1,50416410
19,2329228
5,132737755
12,54107048
7,108385123
7,143052445
19,15401739
16,86722026
6,53349210
8,42502474
1,200147608
12,111293399
7,8262464
17,7854615
1,108692297
6,167824714
2,176128289
6,116877265
17,19716954
6,93419171
5,181052829
3,194141421
3,9810668
17,81886147
12,3492996
2,17931454
14,22981318
17,28381207
22,46624836
9,114397695
2,221573116
3,43996992
17,28473802
6,41408866
5,1067996
20,35542288
12,109131311
1,6599206
2,222312877
2,106160582
6,87723232
8,26574220
13,112969325
13,27969052
1,213978733
18,3879595
7,67286240
1,50423553
17,4513829
6,25042320
1,214605779
10,23174086
8,125430192
15,51829583
2,195657265
16,8712899
12,663695
7,154748615
1,217137545
1,8134281
5,139763313
18,15197868
9,97849234
6,157597152
12,105107176
15,32616199
2,61017735
2,165469104
15,26868766
22,16602522
5,181246604
22,20859611
10,114178970
7,97014374
16,68257817
19,48466825
2,239401023
6,26457893
1,41382302
2,23135573
10,114527215
20,62656790
15,25054025
2,163736344
15,98840023
16,89080767
19,5061194
12,49055280
10,69361659
1,31754176
16,67909194
5,151082834
8,22221742
19,36797803
19,5838988
19,10096070
15,41231041
5,1089392
16,57115935
21,36164625
13,27036604
14,102503914
17,1618018
3,65356969
3,44761801
2,241268505
9,18437919
8,100464375
14,93789015
2,101782377
16,19875333
1,155301420
8,140098014
2,196171135
12,40103773
1,7374110
3,13637971
1,145691388
7,47392714
19,44025134
1,234770025
12,99154659
18,26547273
7,2689278
7,27114044
2,197786774
2,68122957
8,13515581
7,5496117
17,42421746
20,51750302
1,26336624
8,60281156
10,69802558
17,76015173
12,121537439
13,32311945
16,4664793
12,126442321
16,75483154
16,54283019
9,137789197
16,8713154
6,25652470
2,240672574
13,112844136
19,17405661
12,27523764
13,51478809
21,26167788
18,23231444
2,133567325
7,73588055
1,50368631
19,49594594
17,7223290
3,52495048
19,45995057
6,133242204
12,263080
2,118839839
7,140526567
22,38842571
22,50581485
22,41468878
12,51955095
19,29708683
1,228650240
1,31714755
9,109318568
5,1338225
10,121609218
2,202494444
4,1209142
19,35533974
11,112241849
8,23682295
1,232869120
7,158097479
8,8891768
1,183514970
13,40666624
21,42366888
2,115163036
12,51421299
14,49862097
5,114361790
17,82230180
22,35617628
5,149063131
11,72781901
5,126465224
12,6556258
16,70688551
16,2178349
9,127714407
9,77019121
5,159442626
2,176637576
17,81084533
10,70404058
11,46392919
11,2138623
16,62035433
7,1110470
3,157120614
2,223943535
20,3712574
2,74958458
19,1584572
3,59575235
14,60642827
12,131929234
10,83983872
7,94509597
3,171809556
20,13638906
20,45813179
5,138945164
1,65309784
19,14085606
2,104864229
7,76409891
17,81553353
7,93219656
16,67013900
1,63321999
7,27118199
3,183664938
8,143229754
7,1094343
2,172465667
4,75630858
19,3468060
11,12809916
3,39810440
19,53337227
4,10018931
2,176189578
15,90717306
1,86705268
3,190387817
16,52548160
12,65963303
6,45641201
1,111279872
6,107730889
17,12789902
16,2082722
8,79783612
19,49876140
16,67346331
22,48575181
7,141551639
15,59191971
1,28527185
3,9204817
6,80004757
19,1955396
14,23570124
17,42287474
3,101724564
11,67023567
4,185112224
2,105879816
16,20348649
7,4111121
2,201949710
2,236040805
16,15434901
1,155274016
10,112876080
10,30403689
19,3548340
9,16868893
17,36943378
5,142770836
3,197747135
1,53276650
8,143559924
2,217905514
12,116508549
11,61680175
18,11751414
22,19431954
6,41547312
3,171027175
6,86937212
4,151095985
11,8080764
1,45522049
16,30604690
3,49550812
16,1550303
8,143944899
11,22668098
11,62753583
19,2244197
3,190319906
5,179907771
10,4822444
3,149812588
3,185152620
1,150272641
1,55211142
2,30230529
18,23689446
10,34916803
15,31215604
2,130756590
7,71132472
1,180478453
2,240820608
16,28063349
17,81057576
17,81463920
1,109764020
1,70353590
16,694939
17,63857163
7,937070
8,134478451
11,77040325
10,11018085
1,10449997
6,135851549
11,65663397
11,45885518
21,34795711
12,401310
17,3813264
2,169364836
6,88045541
11,43580886
2,239009204
16,68995555
5,37832420
4,140257315
12,123271228
16,84191474
16,86819169
18,79433464
3,188317195
1,115641766
17,41009423
6,5996660
4,70197757
21,36035110
3,11558166
2,3470081
16,3157966
5,33997220
13,95552616
16,88773436
15,34514849
18,76491813
11,96112953
2,241900517
19,511113
11,130813805
7,151104702
3,184180924
1,205591869
16,88077756
16,69187865
14,20684576
1,17441563
17,78844406
11,66334675
10,101030961
15,57326507
12,90938702
16,2163439
5,52989730
11,76799279
22,39350545
2,177754635
14,74493473
22,42152801
5,154937215
8,29071561
5,45696104
16,74100996
10,124091763
6,35140337
4,183241128
4,38688721
17,21099399
1,26471085
15,71251699
8,94156063
1,19338690
1,153767611
1,179025964
14,99604219
7,47540550
9,117704362
17,17901426
11,134411848
5,115545018
2,226661651
13,112983501
2,230611603
7,135749012
11,126163002
1,233613549
19,38486154
3,105368398
16,89458794
16,693476
22,38866334
6,135668257
7,157011574
7,5371357
10,102657326
16,87723427
9,127450356
16,19005889
2,100820017
10,124617361
14,102510166
16,73126227
19,17841677
5,1100094
12,1530361
17,34285665
2,192194919
11,65890409
15,75029717
16,30947994
1,212488675
14,93788005
14,71487317
1,172745133
12,70606178
2,11466151
16,85424809
7,23298631
17,74752050
16,86740991
2,217905485
6,41239638
2,171160909
11,64998026
13,111402079
13,34157076
20,57092247
17,8629441
22,50578521
18,78548486
19,13836655
1,31614686
1,235649540
10,1737625
8,133049947
5,16179026
1,31742936
11,10306881
7,5407722
11,536299
16,29961618
5,172683576
7,13850246
2,85054005
17,7015379
18,54958134
17,36940455
5,128965539
13,60013209
13,112837728
8,109539764
3,63936866
6,150600433
22,19022955
17,59841321
20,1122637
6,84618387
8,27325448
7,1101705
1,34977238
16,571771
6,11855050
16,69566630
16,1558793
17,58517633
15,101320832
4,113383193
10,87095328
22,37607200
10,45427926
1,203796257
19,2213934
3,50235846
8,86508948
2,54527764
7,5362666
19,4566632
1,247857510
11,34266678
11,1299316
7,149432605
11,65574791
17,79950783
19,8139596
2,174025117
8,58877425
17,44004442
2,96407801
15,82648530
9,137459023
16,4681717
12,117045281
19,36572898
1,159910537
1,109254711
10,97772122
16,89201632
16,47143692
3,10290486
2,128493116
14,54737251
8,41310482
7,45574701
4,82375182
1,154556366
3,54622938
2,233461319
2,119432626
20,62550397
14,23154519
1,248692063
1,32221972
16,86512768
7,57180041
12,57234871
19,55087075
19,2556026
16,71860265
17,4366678
5,462256
1,160366696
16,48388517
3,62374098
14,24081717
16,27426579
16,69398597
10,99533009
8,30723287
17,57585923
17,36661485
22,19766728
11,17722214
17,48107921
20,63627215
11,2952112
7,151248842
8,142769869
10,23439321
16,6019046
5,59894107
11,2169852
16,89373525
8,134597955
7,149065529
1,59819023
3,158732801
13,28138400
15,43493210
16,28562058
5,3598853
6,134740260
2,70888864
17,14207246
2,162243615
6,6006537
6,52995436
6,43054371
15,51720473
9,34577974
1,109483379
16,70666517
3,72375831
22,42519884
12,56468720
1,84754559
5,169300758
1,204359953
15,22714472
1,6306530
11,112164452
6,28090946
1,46303676
12,125183350
1,100041174
15,83285028
20,56629286
4,9781739
19,13876986
20,53583239
17,63941048
1,2402697
16,3793414
17,44006318
17,40093099
19,19385295
16,20900923
10,110499547
10,788563
14,64191955
7,36389573
3,111072553
3,122101880
19,14085770
19,12804180
3,149216054
20,45174844
5,172748852
5,141408056
19,40226206
2,217905547
5,57212976
16,67648102
3,87052775
11,7077149
3,57165505
12,100720206
21,43658196
1,205774880
11,69643876
6,7640911
3,187736694
19,9363020
3,4582448
6,33607942
13,73913398
13,112969530
17,78855756
4,173073903
12,54053499
11,120424072
11,734704
10,44005683
5,163696440
16,4701266
5,3536165
18,78977834
19,51022382
1,214658865
15,43796611
8,17157280
17,2376068
16,69132443
2,48357221
11,46723204
2,149739800
8,20255448
2,100819965
13,95677108
17,82230010
20,50729150
4,150242374
2,17880052
10,55631295
19,57456526
21,42010617
17,7408722
11,30017068
11,128825646
1,39883231
8,7893682
17,78359065
11,86244532
7,52276849
7,1452151
19,14085407
12,53218857
10,398974
1,33350490
2,105438549
12,15322556
3,50275590
3,55474557
1,234544765
3,10164729
13,33126455
6,106182632
1,50423770
6,168377632
17,63441128
3,126101529
1,19210621
1,234656644
13,112782337
8,25000379
1,3313175
17,39664242
20,20368924
12,6364477
8,96159673
14,35533975
11,93733258
3,194269637
14,104741379
6,42971291
10,11005391
8,127795817
3,192514679
6,44003287
14,100883036
18,58256663
13,113229795
10,68071617
19,18594550
3,197456791
20,38429853
11,78715831
5,135477639
10,132293061
5,865235
6,75085084
1,61083111
8,10054250
2,503193
20,21126472
19,47778501
20,53875709
6,45549288
3,133474897
10,727161
20,58851267
7,907842
19,56097695
6,53985531
17,17119743
1,15214721
19,13024700
13,28819674
5,132655799
19,50552104
4,53591942
2,172235514
7,151081637
13,112844100
13,46386980
2,127144306
2,10386327
13,28754842
5,122078477
5,180179623
19,2430341
13,98506533
3,190387766
4,22502164
10,88244254
1,156816861
2,145012471
18,58256773
1,1141051
19,37779976
17,58328933
1,44031680
5,149141254
7,65081545
2,262754
12,27553410
14,24136046
20,2536439
7,73433532
1,32742314
2,86337004
15,67033744
10,49759771
17,31392005
11,65095901
17,50840728
22,50730600
12,3107092
17,49193823
2,234954721
9,136508861
1,29164412
11,18324854
1,112707045
20,17614710
4,3179203
17,41914438
3,9183881
10,99846269
1,52686409
11,102110436
3,146251931
4,121933377
13,44437335
1,155211824
3,13283260
3,139678337
6,89638468
8,12755632
16,729218
11,78702569
8,134734935
15,25085223
2,153872546
7,6272810
20,58650139
19,57600399
12,57238337
2,241540834
17,6591760
2,174025201
3,149474517
20,51801433
10,31929040
14,39266007
17,75364171
12,12719752
6,38567517
11,68118138
20,20368524
15,69161023
1,203488022
19,47407323
8,68331163
13,77919170
10,3781566
3,187738791
8,51809580
9,93295522
19,17215607
11,76666528
8,29665322
21,41715694
9,110114880
19,45935580
19,48320170
9,98708514
3,58471249
17,1478748
21,37268178
8,37897642
9,130846558
5,3346696
15,40440911
3,186045261
18,2907349
1,158179438
9,115063746
11,17014329
13,30408689
6,24402834
15,85770710
3,119559749
22,20701994
9,137054611
11,111937670
9,137278895
1,68233035
17,76709603
9,120926467
6,88963991
9,133478890
5,151804151
9,116238585
9,121741346
2,120583657
9,78027548
22,41543977
12,95789747
9,132590048
14,35534002
12,132805862
19,47048635
6,53326992
12,132773158
1,46544433
9,92808375
9,131476663
9,137788760
9,83630054
9,122941561
17,81855631
1,155224991
7,108569606
6,170221577
2,174487169
11,64554607
2,99337300
19,827739
2,96842749
5,11389178
19,46471923
5,24170177
4,158157714
10,69180220
6,42104945
19,48364429
21,45928313
17,80475847
6,75493814
1,1372287
1,55039298
12,117048359
17,56593009
2,74584303
4,145808012
3,153138984
19,13013401
20,33055245
6,17311925
19,17948245
7,103284361
19,48746995
19,39471476
1,47191181
17,81891178
17,305254
11,66267364
10,3118782
5,132658036
5,102796317
15,82952158
2,20225888
18,77249829
22,31945636
6,36938789
13,80337557
4,89837692
19,39084072
14,94581383
3,157437413
11,62999697
12,57236639
7,27184724
10,133050113
2,141611776
19,48729285
1,173669991
1,44831773
1,240823598
11,65084479
12,50763989
15,75844045
1,3471349
12,34341917
14,91417329
8,74984485
3,64685639
19,27806184
2,199469835
11,130772904
4,41061730
18,78976785
3,25156219
5,159331482
1,2082309
8,1463533
17,81937197
7,743054
18,36758723
7,151058484
2,9951768
6,168081805
4,76216929
3,182980221
5,154482623
2,239352847
3,45677313
11,71548535
3,114317748
1,62688133
1,37034768
1,152034739
5,16465779
10,72260670
2,237487512
5,83473088
6,145735283
17,56596977
16,4242046
10,6222813
11,59845647
16,89201535
16,67896667
5,59125732
1,228487969
16,87963264
22,41689009
1,152107237
14,68627088
2,85584298
4,56977844
12,21773590
1,3652822
3,149377956
2,86942876
11,46846367
12,132305666
12,124445614
3,184598704
10,45004808
17,75753613
2,102146993
14,94581765
10,125025069
10,99533326
15,98866719
4,38667133
1,31423545
1,243474664
19,3822128
4,86596706
1,119001447
2,241702061
19,41860591
3,53821902
8,97090788
8,84185011
10,49326391
12,6914363
3,138382468
2,39642267
17,82971269
12,57236324
19,55476261
9,95045411
17,82848315
2,42339416
2,27152695
4,110620907
11,84317339
3,196216765
3,160404457
17,44968993
12,124424055
12,65533299
4,4872821
13,25371518
11,30017072
9,127509105
10,133288345
21,36247740
1,11099366
15,99426850
22,23388320
5,128537859
1,78620028
17,67244747
18,2916740
7,134865679
7,5529481
19,17230815
11,115192204
14,100223276
17,40350098
6,62286278
22,45413573
3,46987845
1,202013244
10,89591470
1,19679018
3,50569206
15,78077873
19,930871
10,24344374
10,12042955
19,18650754
5,3188058
5,107812717
16,31443027
6,45830699
19,2555793
11,46352091
17,28521326
19,31353276
12,124565984
7,907514
3,194312890
6,90587797
17,29929573
17,35063789
1,154760384
1,25567244
1,21424856
11,32587070
8,124729105
2,167869025
17,1618189
21,42686123
14,105045876
8,691497
10,5862598
12,7860330
10,102451631
11,8867267
7,55254394
3,187914540
17,63446150
19,51181731
20,1893881
12,131872443
17,4711870
17,28903100
2,241272504
7,149719732
3,129003672
11,3855578
17,39563660
15,67049672
13,112838462
7,921747
14,101928036
14,22598426
11,420266
19,10479486
6,160258658
19,50872719
17,47987961
10,70109379
13,97275884
15,22926022
5,20303572
19,8506188
19,3676584
1,11653586
2,105399089
4,139921748
7,3174767
5,61319482
14,69611619
11,622175
16,82035375
6,44063255
17,44759377
2,168459981
19,48944942
2,112915181
13,98579376
10,72087100
2,3575525
13,32428460
10,6580593
2,119260839
2,29121049
7,33807522
3,73432380
6,44058738
5,15936533
12,21936626
12,6377535
3,97822601
13,112983515
20,37345904
3,15983033
6,50717385
2,135837691
7,98626604
2,96665298
8,60175748
15,77994179
4,107821134
3,48685475
11,66856787
3,71542278
21,45365419
5,58582468
12,92561629
1,11894117
1,25543516
15,88605079
14,31457277
17,75081527
8,13065771
19,5294185
12,6970848
16,482468
2,190408944
1,160115791
3,58178441
1,11047249
17,28720662
1,15684863
8,8897762
11,955120
7,1980948
19,56393663
16,31215233
17,42181393
22,23762960
19,50518926
13,110990299
20,63006797
5,115494976
5,115545048
18,3262014
6,169452711
12,757123
9,131421900
18,23574296
9,37463347
12,125140495
4,113436445
6,136990150
9,68705777
4,113979735
22,26479686
8,130015986
1,228457926
21,37435121
2,234334238
7,140175615
3,50340994
7,69824880
17,49575850
11,64235163
6,83709005
18,58867594
6,24356850
19,6534925
19,46784809
6,27814348
21,29940010
4,153464984
17,61416679
22,24432687
1,145979699
2,29116210
1,156161035
17,48582577
1,241818241
7,983268
3,97439868
21,45348209
17,66299868
3,160757314
4,128288864
2,133266694
7,549578
8,70396162
8,133645569
12,6548652
6,87702554
8,141209230
17,1260300
2,120220352
11,1222999
19,2783383
2,189179910
12,124847637
5,158456925
11,111297869
3,46812807
22,46678913
14,23573042
2,104868050
11,33542400
7,27103081
12,64759461
19,5789688
14,75522422
14,64465025
8,108787680
2,70978555
3,50506921
11,125111973
2,109335250
10,3636893
9,129835906
11,34513849
21,45302668
20,2508401
12,45292643
14,104717839
19,46788903
5,98769170
8,138477514
7,99919654
3,122577641
20,2800670
12,6845370
10,101061795
8,143716707
3,185552770
19,31350255
3,187736689
10,80408323
1,25728209
20,25059176
8,12755630
1,156195463
10,113326344
14,54754769
7,66904538
13,110150391
3,196274835
10,13729465
17,41027223
11,64854767
8,23103086
1,157138884
6,153092966
7,73671351
19,44813425
1,25547927
1,151720746
2,168731834
14,103532728
3,58389196
1,41727682
2,199469716
1,41362429
12,8608262
6,41028316
3,197466297
13,46655792
17,49209121
10,113162882
2,84884275
11,1029029
19,49684736
1,103108541
11,65891355
3,184299069
17,39628441
12,132847980
20,46541855
2,157257892
6,139292289
4,8376449
6,83709641
1,111200649
17,39704091
17,80725022
3,147407995
17,1404550
6,5287610
3,129606287
18,57440523
19,55080974
1,204360030
17,81642069
3,44761799
6,157324350
12,124424071
1,205813111
1,1757537
2,161136804
14,75430639
1,33633367
4,8606220
1,22025242
1,154463472
10,114174789
13,91347154
13,112843636
12,49950675
10,33194181
2,1744360
6,3751505
4,728183
3,45943450
22,37953529
8,127795771
1,116493710
11,44520355
3,24495818
3,191282457
20,58853382
19,53035434
17,54900674
22,41620994
17,80443989
4,122239721
11,128908611
17,58336529
6,169659177
18,4455337
12,56636329
4,150582436
13,102397404
2,43445513
17,7584275
19,43532863
2,164841468
11,64138578
17,7384333
20,3707177
4,13522417
6,127519471
6,10412246
14,71397039
8,53251521
12,54015428
15,40952655
13,112241232
5,959026
1,32221135
19,18173310
17,40417828
12,27331723
10,133372507
8,133375779
13,28755016
10,6172116
7,149422590
8,71843333
11,67650934
20,41340745
10,8053868
17,74935697
4,760115
19,49909607
1,84690643
22,37569035
1,6724689
2,205926026
17,78621882
13,27454844
11,134436228
17,16535756
10,12720779
13,57633725
3,50323236
16,13935678
6,113645492
1,221717089
2,87825357
1,3638474
17,80829325
19,5212472
2,113173941
2,38115305
6,62286214
3,10764271
17,66964166
11,12889382
13,113631645
1,165908070
5,172123251
5,93583941
8,102122980
14,91254183
5,67315668
5,169706962
19,35501889
20,62220867
19,46298300
18,79713568
21,36917605
14,101917740
4,87006891
20,49319146
12,56157895
2,101329405
3,107957375
16,86734511
20,57709856
2,199465127
19,35768242
10,3172358
10,100739066
19,45553649
2,240561925
19,16659981
17,38855238
4,80070135
1,6167963
3,50341000
10,49613007
4,173370202
7,37920153
10,12041920
19,34927441
17,48618005
2,47206143
10,79068945
3,52836527
1,57423035
16,30698245
1,160366909
4,164955893
2,201866169
16,49277992
6,28281474
22,30267327
7,153886233
1,26161246
12,109716424
18,50729776
1,244048664
15,43106383
13,26253740
19,17791433
21,32728128
16,30053285
18,5543802
1,156299257
7,133082372
1,184037799
4,188657688
16,49283169
13,99655932
21,41952970
8,9933840
8,11867983
8,130402228
1,225999575
12,98644457
16,706586
1,197413641
10,63629455
10,11204649
1,3775430
19,19405213
3,122918817
16,4261798
10,103494216
1,99969780
1,214549609
19,3097567
4,794352
3,193016552
15,88402552
22,42869573
13,100089033
9,21802599
9,126705878
17,81282344
9,1051579
22,31662228
17,49914442
1,226737038
15,25863516
1,228211861
19,42326444
19,33273644
1,165630690
7,37924708
12,6963533
7,65269779
10,110644622
3,13933303
20,3173620
6,46922005
20,36876108
19,12648279
11,850952
2,151410978
5,28808930
19,13830954
17,28598993
22,19022906
2,119240496
7,156639832
3,187737583
3,108091869
6,13014970
16,50547796
8,29353283
8,69492481
10,114174341
8,9903447
4,336862
16,11180139
17,4946729
2,144520997
10,89532645
21,44948236
10,123147893
6,34696922
20,45469583
3,100954940
8,123652781
9,32783204
2,160379577
4,184396284
1,206430094
17,30669029
1,47710609
14,92748693
12,47705941
1,6046298
1,6360673
1,162373995
16,69950986
13,112034452
16,50863360
16,705245
7,107661826
15,77994206
7,1474237
14,34552780
15,41972510
13,24161615
8,143772347
8,144619241
16,84763797
3,43622183
19,457696
7,44325690
17,50346745
1,78045782
6,155129748
17,79950470
18,57435395
17,44363571
7,37248245
5,159987190
6,26228875
5,73172294
8,143975304
2,9393444
7,103445790
4,183097374
7,64307612
15,90815284
4,186676432
17,40093233
11,61967666
17,31575227
2,71560678
19,46787826
9,133142368
1,166881999
1,161022568
1,155177543
11,89487479
17,28319625
19,18426564
14,62116670
4,41744597
9,35755349
4,1872258
14,71355735
15,25238564
17,80058729
3,57948945
16,19710556
12,54053508
4,184983916
11,67606742
16,15599398
2,101742565
20,4686202
16,86681804
15,82647983
11,64255572
16,62036280
1,16206939
13,98177303
7,24758037
2,11746487
17,76379664
5,10332005
17,4003380
17,50560084
17,34997754
10,80408287
8,144393443
3,4983278
11,35138951
8,29260397
10,72955177
3,101783404
5,141876000
10,89535653
17,7675729
1,154520476
8,127754742
12,6540567
2,30808889
7,50793790
19,45815181
17,80906231
11,587926
19,2085287
4,76214033
17,64506141
21,31558625
5,212818
15,74236224
19,36032682
19,36797389
16,31472213
19,54337607
17,30921586
10,71253992
5,141430542
8,40744844
20,3846790
12,132347017
22,29306876
8,144522362
17,9024695
5,38402541
11,19774670
11,124953961
16,81678449
5,1522701
2,595312
5,78235649
12,6964101
19,40605391
2,241771594
3,99499326
2,72115425
16,58392359
5,154493130
12,42590312
8,98726561
2,134360003
1,214278672
1,204377515
10,97185708
21,30395993
10,124642669
6,109294216
13,33016328
16,2595869
15,33194857
10,27414400
10,79394436
3,49133166
19,1401768
8,143918066
13,35476764
4,1892856
2,151409861
7,57425115
17,53822754
12,54014880
11,130160564
16,67174825
19,45360854
16,24748319
19,11197442
3,100401505
17,6660266
2,199461868
6,137044163
11,77474625
4,24329089
11,65184563
1,3067362
17,783305
14,32933854
15,77543226
1,19665183
19,19663691
17,29166449
15,65805621
4,127968931
2,10911865
16,627895
17,6996045
4,171813625
2,264164
4,84582175
18,32767592
7,150632361
17,47957817
14,75269387
7,153887754
14,24366878
10,35246987
3,61566293
19,3573545
10,84194580
1,51879620
7,98252229
10,86958560
13,27971429
12,131711038
11,67415017
2,127428371
12,54418301
5,114055597
17,41231756
17,8249094
16,29900309
11,77138518
8,142464117
11,92969341
5,15683150
8,31034171
11,61391146
16,89122975
22,24495698
8,27465950
12,57816878
10,71773657
7,102242129
15,101398476
2,100105560
1,202013276
10,127196870
1,99850371
16,25066774
16,30896569
6,25652162
2,85516811
14,23286189
14,102438269
21,35026961
7,571596
5,45696389
16,11255099
14,59254455
17,59841139
1,193059431
1,244788967
16,69311782
5,140966381
7,128201282
16,66487288
17,59664212
3,184320529
7,26865094
1,44407920
7,157651731
21,16589417
16,29808140
5,135536115
17,50396738
6,41683328
20,11917830
10,79221362
1,20365729
16,16022334
17,9003065
20,49936307
3,56468584
11,2701483
17,49570015
10,88582981
14,49598347
16,62036461
1,201284843
17,36978994
8,96645066
1,225991263
7,102007709
16,980561
16,55330931
1,160070427
2,81194756
3,58165528
16,28295495
6,14209141
17,41965560
4,79651105
16,50547812
17,54900084
19,37334486
2,150982034
12,55997021
9,98255292
1,171841770
4,121765114
10,86365620
16,56616935
8,9041003
11,124746312
5,139759616
17,46923427
2,27089848
3,154125057
16,1773290
10,88347782
6,69797048
13,43630222
5,163438230
11,70820643
5,139278718
17,259754
17,72057692
19,12401260
2,115163188
1,50048094
11,58583133
11,30017138
12,459660
10,48274680
3,13621898
4,74365086
4,184009752
12,57591451
5,55219812
14,101781916
14,53952086
3,42979354
6,168052581
16,628127
10,68472171
11,2904243
2,46320554
17,36933007
11,1222717
16,31508210
21,36745838
3,84958808
3,9750456
1,213985230
17,19745542
16,47463911
2,101150594
18,580435
12,34338207
15,83285131
20,36819942
11,69646240
18,72869572
6,100461245
5,15500605
3,170322769
19,10681021
18,64002973
4,153683935
11,2271971
2,73156945
1,218342218
5,6182102
7,128829745
12,16606095
11,123577673
5,1152247
16,30894420
2,25161785
19,10339688
10,21510118
2,71560697
11,60184190
16,30650802
2,42793542
14,31881118
14,60657763
17,42421625
12,52007664
20,43518400
7,55951691
1,204081252
10,43436792
10,133087775
4,69760611
16,85395429
4,2746299
8,92063854
7,100097914
1,217134354
2,96868320
1,201154432
10,119176200
1,229558857
2,241927042
2,120580922
10,110533489
12,124569865
10,124419212
17,58692196
16,86516801
6,52305808
5,77639255
11,95089680
3,67647633
8,63039320
10,120454439
16,89507154
11,122856732
1,29123001
11,789849
19,13747709
19,2774334
5,90474673
11,113895656
7,153749641
7,154305227
5,149348637
8,143916119
1,1331401
19,47713556
11,33015028
11,99021303
12,62800221
4,145099049
19,45815660
22,50251506
2,216699509
1,155927118
1,237041874
17,81403865
16,3029707
5,171630192
2,189179875
15,67067187
19,11155658
16,327344
1,245310746
1,241357489
7,130734398
16,231165
2,105241498
21,41926075
2,9703396
17,75261762
1,94713869
19,35869587
3,177197804
11,430123
16,56679859
6,169639909
14,74619810
1,44847353
2,8494697
16,22814922
22,41288702
2,134251352
22,50578072
2,135532144
19,55084610
16,67538957
21,38272432
4,5051777
22,45201093
7,142618798
17,82330135
19,1229185
2,233388188
17,71334363
22,31140445
12,12891622
3,52454021
2,25277547
19,42302856
19,994363
12,132908712
11,45709809
16,11586756
4,143516882
1,209755550
17,57473252
8,19758003
16,30184702
16,31455755
16,4335381
7,157655549
10,119598012
5,17216325
3,142964227
2,70142197
5,150582939
11,35030841
3,49859218
7,95396524
17,44308157
9,128250674
2,238157680
12,132725680
19,52008525
16,24737018
13,114044620
1,155295587
20,59995078
2,136426795
2,170970172
12,21501963
4,2041687
14,105045931
12,111034159
16,49484503
16,53837573
11,63765058
1,22451251
1,198167388
6,89080228
2,176163952
8,55101240
8,1561685
19,663107
3,61561456
11,32089505
12,64825698
5,140402342
8,9905523
8,55101846
17,1934554
17,68054530
10,26642997
10,71658136
2,199469861
8,80172205
20,49913917
13,53200900
7,57425117
4,41796544
6,96837298
16,55656469
15,61229913
1,3417537
1,209768721
4,156970935
14,100726262
1,15703282
3,191070427
16,1066106
19,41331218
17,82318004
17,56153426
8,74319625
4,74308487
20,63411137
22,39995613
16,57619257
14,50397065
3,69546487
11,63999074
1,224929729
2,203015145
16,788229
7,129189406
3,51500170
3,133461417
2,189670488
16,85556739
16,88942043
11,126283070
3,128489713
1,206061416
4,70704677
4,5051614
16,307249
11,130209670
14,104179350
8,19319659
12,98404498
14,69485286
17,29166780
3,16512190
22,50251486
5,140856001
3,121894109
1,17579847
2,205660957
3,130344662
12,12785463
19,56368000
4,7207794
20,2660230
1,201981948
15,99447750
4,8072077
15,80743329
10,86263295
6,43724941
1,16073372
5,129461320
5,1729141
12,113591443
2,241680891
10,132306944
2,70302193
3,152834777
4,872922
10,21498667
3,134792748
3,53328938
10,48274724
7,16882075
10,7635806
1,10708681
15,74588710
15,65211469
1,9727292
7,42911958
13,100124612
8,80753036
7,13989065
1,3377758
5,88673512
12,103496006
20,675596
10,94363328
8,71842234
7,63790439
6,166557239
6,2842125
12,114691996
8,46617393
3,123026713
4,1361533
8,81447524
4,44726827
2,156338795
2,26758438
19,55602777
2,98823420
7,1989550
2,53970574
5,115841801
2,189580751
5,159178906
19,19626635
1,154155526
2,207625295
8,115494435
11,62602398
13,110706191
3,100400874
5,40685887
17,32928617
12,114697151
12,109996027
7,100894565
12,51821432
5,140303311
17,28723337
6,167324937
20,37345889
17,2696565
2,153871955
19,18636894
12,57782447
19,55685605
8,26046995
2,1744340
4,26028841
12,121509719
11,96091101
1,220880067
5,52799661
2,45242275
2,235671136
2,11133103
3,158094437
5,179824000
10,133381649
12,46187416
1,52906561
12,57609595
5,122078939
7,76066470
15,96782955
7,1826287
1,192904782
3,86991302
17,8120652
19,28727395
17,5123756
11,2805721
11,8811391
20,10218821
2,3449342
1,2323143
5,149024551
3,147408137
3,190387820
17,77374529
11,12008541
12,13980470
7,41060013
12,132292599
21,36174169
2,241538749
12,124520307
20,31608316
1,38044402
4,48484455
6,158923778
1,155323552
14,77181612
4,186948719
10,46772827
9,111596119
2,95389312
9,124409655
11,10728527
4,186729147
14,77026445
3,52128677
10,77926531
4,105474226
17,80886276
1,96473974
9,137547402
9,88993449
5,93607561
9,121651249
17,45121243
17,81901950
9,121202373
5,35046887
7,14389580
10,1507796
9,37926349
9,137430826
22,45201099
14,102946516
4,25914300
10,8053537
19,17933323
8,27593260
16,58734661
13,97275868
19,18233512
9,86796085
5,124651974
9,129170830
4,84499846
2,1788905
9,126862715
8,139704430
9,136081306
3,140677961
21,44455240
3,65357208
5,11903910
1,203186810
3,49133361
5,81626718
19,18856467
9,91950498
19,17420339
1,97138626
14,60657520
19,14136562
9,136757233
18,48923019
11,1406064
17,36638601
10,93065910
11,2795951
6,5998953
11,2929173
8,123274495
19,49689764
5,128965390
1,150234788
12,122227441
17,43402105
2,163475092
14,60515318
2,10960906
8,38647374
1,212699644
19,5720852
9,114250371
2,107986475
13,110650897
17,39628446
13,111505385
22,37579968
5,162067783
10,112950121
8,104244999
2,5696124
6,7086383
5,1288892
1,1175472
13,112842086
14,104802837
2,201257946
12,114667415
1,212515075
11,77471030
11,1764493
19,55162176
7,108007305
1,18279880
17,83100012
2,81195900
12,12356771
8,33566461
3,46982113
11,1200346
18,55401690
19,18777989
22,21467687
1,193059679
12,54052495
18,37277972
10,132865931
2,47784062
3,84958666
2,128170398
2,11724301
7,27185857
12,2691297
16,85112574
1,30751003
3,71007457
20,31675096
12,132491148
5,112329851
22,38214788
2,54559011
20,34872941
20,46895530
2,47043509
3,190513565
6,37353897
11,118531565
11,126283086
19,56368185
17,36742422
2,117837046
22,41688702
15,75626044
5,124701234
1,1034364
9,129642132
5,56954
13,28574815
5,31531838
13,20193044
10,26217784
1,204214209
1,217528456
1,113389850
20,50930723
1,198859114
1,58577527
5,170106343
17,80450530
1,11147650
8,22227904
22,41906142
18,22173471
4,140019877
10,9408245
12,130336985
1,55081417
16,88785510
10,70816088
4,186144692
13,101452655
22,27678074
1,16043770
11,65785648
11,430036
12,132168544
15,56729653
10,15719882
2,72204304
5,6634004
1,41739254
1,18952240
1,28910557
6,62286117
17,8226855
1,150557366
11,31799840
19,18687694
21,32377463
1,40477169
7,73704122
10,127908049
16,635785
3,42216665
7,97002590
12,6469357
2,38533565
7,4817384
22,50177289
4,128287940
1,1392104
6,131701350
4,52052305
3,38138394
5,172943521
1,204686116
22,26565461
2,119434040
4,185623601
12,54419747
6,166168709
12,52321564
15,68579066
17,79950866
12,4273022
16,2238071
17,31094512
2,31137062
12,49265019
19,894654
5,17491477
12,58557115
20,3669846
5,115544990
3,149221736
14,73719290
8,85438660
1,57422808
1,46132261
3,147407927
3,171809467
2,106115656
3,12484045
11,40293854
7,100881310
7,22500323
7,140177250
2,172087408
2,206274342
5,148063689
1,161118133
1,31591805
21,45528451
2,37571201
17,48620338
19,990398
2,153478670
8,133568800
10,104122072
8,79766690
5,6449464
1,19666011
11,111975363
22,45009029
19,929046
19,14004799
8,95214616
5,140883501
4,37887610
16,1350771
1,52633576
8,103141399
18,23452358
13,19865061
18,60372735
19,1757700
4,134201948
16,88387416
5,56480574
14,95319692
14,103004001
11,6320121
11,67374276
2,96858089
8,38996551
3,19148438
8,94896391
3,48847972
10,49679520
1,181482903
19,10817502
14,58395428
17,42019952
10,49609260
7,101916234
19,49513613
14,101565089
12,114684296
6,36441590
2,2751204
11,65575872
1,116586910
5,158958435
15,78810879
1,239719540
6,37538409
10,103125365
18,54355819
15,25864247
4,82753541
6,4776435
1,54781467
17,80942078
5,17217768
3,53805224
3,32107371
13,109127513
5,31193579
6,26250691
19,21329400
3,196968061
19,49108476
13,113633917
19,10288122
7,157614045
4,139860231
19,58204310
13,40540792
22,46678881
6,3789199
17,81978685
8,41725980
17,43211718
14,52952161
17,81691524
14,68016202
2,42169162
1,207911295
13,34942086
1,33181960
13,112902099
6,117675316
10,67884647
10,15860873
5,141208809
17,38841374
3,52778504
19,48325155
5,178622772
17,1179232
1,3796541
3,48415307
19,50365750
2,99154599
3,49105139
10,101006565
5,172443871
1,15727230
2,239440731
2,127645711
19,45012267
20,17612277
6,166165647
4,52656654
15,82044861
19,49017673
2,97734687
8,30381219
17,82000716
11,68313739
15,74133932
8,102867840
8,22042740
12,37548637
1,16352089
5,66828760
2,21123866
11,122100524
22,30472180
19,50519084
20,21706090
11,66546888
1,155927151
12,132494711
12,56038360
17,27532356
1,35192591
19,33202506
7,96236319
17,76740320
19,2016403
4,2060077
1,236206576
1,15214686
4,110630831
14,77181614
18,4455512
17,2063502
5,75052362
9,93096154
4,1369394
11,110707810
9,23821568
15,40744588
21,45134212
8,1691743
7,33693230
6,70567423
3,64815654
8,122434029
6,161186455
2,235660269
4,139858795
1,5890773
6,170167100
19,10353155
16,85615420
2,239111716
1,46302299
19,33373524
2,131364242
14,39432642
3,186574795
8,142321087
1,63330592
11,66982194
8,118438590
2,219514538
14,76978029
17,75750105
2,136118451
5,65262796
19,8209629
11,63764260
17,44916901
17,1606747
11,64744152
1,207868776
6,99353324
4,139556909
11,101132090
5,59039854
2,113503693
11,431659
22,19016374
6,165855143
19,16070562
17,7916153
20,1226038
7,73309608
11,111296579
8,143318043
17,48618152
2,218871590
6,152982274
6,35486657
1,12636327
6,148342290
7,143345492
20,10218011
13,112965303
7,5485332
1,47450102
8,144472849
12,54015552
8,74513027
17,7905955
22,43090518
16,67841917
5,50666673
2,233117175
12,29562285
2,86337821
1,3543704
12,114684352
6,151341654
1,43566085
3,124934815
3,128880094
14,68313116
5,5139888
2,96009981
14,73027261
11,66267313
11,18934736
2,160201114
5,1555772
5,179823985
19,308808
8,62247988
1,8352637
2,222312855
19,35278899
3,65594416
12,130339679
1,41751406
5,40755568
15,59998467
19,8400214
2,110675551
5,139276077
5,1284773
14,55115689
5,173020819
1,9690003
20,18057945
7,151440076
1,229342870
17,18858139
11,65356039
8,56447433
15,93036102
15,99733300
17,80346034
12,116559274
17,44968907
4,17576941
2,176165443
18,78393779
1,6419568
11,110712187
2,240966493
2,37196872
8,27325580
19,44757244
8,87874073
2,43058679
4,73574279
2,172103067
22,20147055
3,50102677
8,30442707
19,48320156
19,10961070
13,28820638
5,141094420
3,57061933
12,112422887
1,156625386
17,12789356
3,126357523
4,2926452
17,44005556
10,18400574
11,134068862
19,49325401
11,27723212
7,151856734
4,20882698
11,66136898
3,14440042
6,10417493
19,45935349
17,74893693
3,111595339
15,72228291
8,62701872
8,74824488
13,49792054
8,26514035
1,61053860
12,7128392
15,74812803
8,37841173
19,18156078
2,171160922
1,54781281
8,27919371
6,35141621
5,139756250
3,126953142
2,26018002
5,120160262
1,208044655
12,124424107
11,2904209
19,49533761
21,36464529
10,58457785
17,80023961
5,135247190
10,12349836
1,1179703
11,129372635
19,41940304
11,3951608
17,40093013
2,180291702
10,75404225
10,130233164
1,245510985
7,44325704
14,92670337
2,69767093
17,48615060
1,186681309
4,8587075
3,124094546
8,144902032
17,1606659
3,197456711
7,5238662
19,55489577
15,85741238
7,151345310
1,226690718
7,151082067
12,70637422
2,231786441
21,39867562
11,65916842
3,194135146
19,36573269
6,1608161
11,119314961
3,43999611
22,31399317
19,4396945
15,64247040
19,39169721
1,155295242
7,65974445
2,201257864
10,113682472
6,150005979
12,56116784
1,32745229
17,2983052
1,228446203
17,49362038
17,61398125
19,12891022
13,21671035
17,50274647
7,120273717
12,121687370
1,40422316
10,101048495
7,98978322
8,28374659
4,20258276
8,1958172
12,63847007
20,19935072
13,50909873
1,47179305
10,583625
19,4791668
20,41032830
1,145823837
2,120817327
1,111227652
14,89618328
2,118853786
15,83107668
5,83568521
2,134126771
12,38905744
7,139753782
19,48499825
1,110963889
2,43996189
6,113361273
11,112176240
10,125227092
7,4973905
2,219439044
15,79922700
11,70078233
6,163427688
7,56483947
7,72925553
10,74589520
1,204317339
10,18260607
10,125707859
11,123196248
5,181114897
10,78267247
10,13162110
16,74216414
11,1870912
11,68413750
10,18713139
16,3046661
14,92612282
7,112931421
11,334561
1,11805863
5,169351024
17,4331787
16,89828900
14,96574118
15,72198176
6,1624207
19,45815490
14,54441571
19,14089716
1,156125366
11,104909985
10,69087643
21,34791870
10,84139419
16,88812395
16,68539034
3,184230467
1,89199099
3,128360793
11,101583949
2,74508780
19,10109818
3,194135149
7,117323139
16,19502957
8,91070790
19,44942264
2,119761051
7,156159607
17,45143853
15,81134136
11,65225810
16,8802013
11,977931
16,69935234
7,116692532
13,50208944
7,6589719
5,59040053
19,38726430
17,27294748
16,87696541
2,111118431
19,40613763
2,237097169
15,59493107
2,104843805
16,31426462
6,127118061
1,206909555
19,50517943
11,61516393
1,90717432
4,89111831
11,4368626
6,33898539
7,101087239
2,9218448
17,7854651
15,58987504
2,9424119
18,24397744
12,31370063
19,7846309
20,25082118
10,2498719
12,67535020
14,49621542
17,44384892
19,1439986
1,6330733
5,135033426
17,55349296
5,136080723
4,110612361
8,141277165
7,106484722
12,75511766
1,44739742
7,37448030
6,113971367
12,112978485
14,102930553
10,18145139
17,81717745
13,80336628
10,133019965
4,1002997
2,241148889
4,47031109
16,28743389
2,65421516
16,8712896
10,110287108
3,39106851
19,4038853
1,70221732
16,2980446
22,37943965
3,45036157
2,27493956
3,127018383
8,142472075
15,70099035
21,41426667
22,20131123
10,127919542
2,219566677
14,24367978
5,472430
6,37481000
8,81035506
16,400837
10,117240725
20,32589473
8,144791023
12,132283234
13,52851500
22,42858075
10,102056057
8,86508951
10,73647876
9,137371123
7,155812086
11,61828933
16,73058495
22,35840602
15,48536812
1,226308564
3,74614645
1,114511212
7,765577
1,54474709
1,10797053
7,5529504
10,43371616
1,31238241
15,85413691
17,64217305
19,53648345
5,11903972
16,62035413
7,27144822
15,83111603
8,43291751
3,195864127
20,45971712
16,85615143
17,7042301
16,81530587
2,207124113
2,219243125
1,92961894
7,75154118
1,111476935
6,11161425
1,2530399
6,158814179
11,79439862
15,84977086
15,65285857
18,57439865
1,922982
4,186841102
17,7294681
5,167283841
10,124093522
19,37075384
8,141129740
16,71289803
19,1230989
19,52493295
4,44447554
6,43644910
6,52280735
7,71132105
15,62845481
19,46785006
7,41692639
17,43399932
17,76307926
19,49325384
17,50273499
4,42399225
17,80848606
19,17215623
16,693584
2,17878477
16,86508001
3,187746860
5,40908676
5,3736702
1,25875728
7,769411
16,69937223
1,200872998
2,20350444
1,935677
11,112260786
22,41527369
2,158969321
4,26860560
17,41624803
13,97222279
11,118613842
5,1088893
14,22598093
5,113487673
3,49133063
16,46885044
3,14655571
3,121894144
16,11587626
8,59120235
8,11996369
14,94388697
11,8942997
8,142404675
16,22027988
2,214810327
7,71132788
15,79896435
11,108122040
17,80940529
16,54121565
9,134338061
1,235104159
10,124044251
19,18168705
10,61452738
21,26967985
9,136049103
16,2082244
5,10702234
8,72248540
12,132847700
1,205449150
12,53676513
2,153871795
10,26946698
11,107017666
16,85099604
7,101814367
12,108598372
6,169070727
1,92837368
6,1788296
16,53054749
10,69803102
16,28294212
1,162021822
7,157764769
17,49788496
16,65071613
2,236049310
12,127060406
8,73976833
2,218607495
17,50766763
18,77249853
2,96149012
6,43626547
2,10884770
1,248906108
11,75554150
13,112620168
10,132558343
16,2226769
12,2794397
19,40218475
1,43007426
3,14285181
5,91381112
1,2922655
16,49282286
11,66568504
1,6490798
16,73048152
20,44957529
10,363371
8,23068740
11,13358465
17,30364003
17,63930581
18,68837152
11,134037843
16,19885771
3,81761902
4,4107714
3,61918906
13,57631544
7,26864353
14,100292550
16,30012294
8,8963748
16,58392427
4,6245902
2,199468678
7,151520494
5,957396
1,37957675
2,235763073
20,37345866
21,42396977
2,152525109
10,100745608
1,32249882
1,231629439
20,34708925
2,200306624
19,3959671
2,152505728
2,120766062
4,125317774
2,79511456
10,132781797
11,70662075
7,149717810
6,137044988
5,136080516
12,108609928
16,65121238
17,38677507
14,21087444
16,86289607
16,1979854
20,63537456
4,119627434
17,7440620
6,37644769
12,45926327
17,42402501
10,74176581
7,100866137
7,27122675
2,135531446
17,34579603
6,105180125
1,46551716
7,136871030
17,31008892
17,44220991
13,113455542
14,67363837
1,9039239
11,64007941
19,2819674
14,20630556
14,99480756
16,25111490
15,59408161
2,149451528
4,151761747
17,31314315
10,51244548
13,44815913
8,134457309
6,160769694
3,9902853
11,119797456
17,45092975
8,85438339
17,44221153
12,54300889
12,79915227
10,103449765
17,81642320
11,31817126
3,181726724
12,53965977
5,159099606
17,83095254
10,114045209
6,146598878
2,8575624
10,99612394
9,78151023
6,49550390
7,43054797
13,99896656
10,68900772
15,66293686
20,36431655
7,92613056
21,46324198
14,50830616
13,28338609
10,69573446
12,138149
7,29988691
12,123937712
20,62427601
1,2088087
6,160102699
6,157943804
10,88586840
1,171841638
21,45433499
7,19118190
10,133378109
14,99174680
2,42568053
1,35930844
15,74952134
17,40938889
7,39311076
13,114001746
4,185210131
5,180620299
11,1006303
5,45695820
17,81445762
3,188212916
18,32773320
8,73285443
10,101067833
17,897272
11,64285888
1,12344888
18,67515419
5,171667933
20,63736453
17,59220357
10,43648595
9,136236805
15,66294155
2,27735554
7,142797060
14,105330627
6,34692517
17,81917510
11,93491044
1,6273783
2,46941394
1,46303628
16,49826991
8,28386957
1,1020340
22,35623585
13,28100314
11,65481871
11,112074166
2,173964147
1,178871002
17,15619562
19,17606285
10,124642336
17,67717766
2,430882
6,34092010
15,40662273
11,36510374
2,71560485
10,110210270
17,28725810
11,638076
3,46497523
12,52849138
16,82037828
7,35982666
3,152051579
11,43644420
1,1308182
16,69417644
7,138798081
14,101029267
19,44647241
2,173184504
4,121072968
18,55780365
19,13253050
3,172195293
2,235614718
14,32128527
2,25982226
1,159826827
2,17878238
12,130042252
13,60397210
16,29808130
19,3586907
4,1806302
15,74236222
12,38202061
1,75787760
3,47512894
6,28443646
19,1254067
16,69089380
16,90026347
17,70104803
13,20521573
15,101242832
9,121268230
5,127228914
1,110675457
6,90296602
8,9555413
1,17419790
9,37026421
8,142320923
16,1537809
1,154558206
13,110438395
17,81832315
15,90245966
7,130734372
17,64962134
6,135851617
19,4672878
1,167222123
11,448262
1,30904534
5,43040072
11,2886104
6,46130047
2,40455067
15,66347368
1,39104651
10,133058751
6,163100135
10,121928111
10,123144610
15,63504696
11,128909760
7,4712432
6,161171189
16,51151149
2,112163140
17,1998670
17,7592563
8,116938156
5,141223317
19,35155247
3,93983814
17,20590190
19,7609461
16,75646637
8,143334157
8,120812689
1,43979023
1,39133040
12,29783906
1,180155404
6,2515084
3,178536425
8,125637563
11,614761
2,88013832
6,37680499
5,67001150
5,129460404
17,28614235
4,127045484
16,2215387
2,178116280
2,235750385
8,141043858
12,69825429
1,15847855
13,36346970
4,159383674
14,58641019
10,16438653
17,1492780
2,202171485
8,143553377
14,75392893
10,13347395
19,17240491
11,2461171
16,75026210
4,23818306
4,25843588
5,74865362
19,47006820
17,75405944
10,77638657
16,11597062
19,2216726
10,558092
2,174585779
17,50559894
15,60397471
7,30475670
17,68199166
3,31977933
15,78830302
16,85162744
11,19714702
1,86468682
20,25585243
7,38178216
7,27144490
4,56314169
2,19049381
16,55057286
13,20177806
21,44958439
1,2534836
12,53371403
2,72924328
19,38264215
16,52549150
19,45467707
6,138774003
19,12069074
16,30924707
17,50468960
1,234214581
16,2008700
7,6577288
10,48463622
12,121465525
11,118176488
6,170059039
10,96416983
19,52536490
3,14473149
8,81051144
21,40846625
3,34014308
7,96327863
13,40653845
4,119068797
14,37595996
4,83011015
7,76327723
3,149464078
19,13874699
15,25051481
4,147683640
5,179060381
2,130916788
11,119356618
2,228181799
1,201469317
2,118310003
7,100476313
11,69640445
1,65510489
17,76027384
19,2227700
19,54449675
4,183399034
8,1846461
10,27745927
7,2844445
8,102968838
4,164977760
1,87132386
8,144900897
6,42984674
10,28533553
2,951948
10,131575099
17,7440731
14,74480257
7,128402837
2,148875030
14,20461454
14,23545292
10,27240862
12,57178630
10,12129246
19,43820595
19,53058558
6,4942249
19,49597266
19,55082212
7,155457604
20,45631273
5,1107740
13,44373787
10,123151296
1,16955324
1,24848802
5,98776733
7,26154185
11,111913662
6,2917060
1,64245350
1,116006606
7,66493996
12,57058328
1,229223741
16,3035866
12,29783474
14,56118374
10,95039108
1,24112797
2,38077578
3,54629543
2,176142219
6,25042269
12,24584845
21,44331321
2,66435453
3,84958954
2,20225919
22,32356782
9,128921583
12,51083575
17,75915035
12,108731633
8,19316805
12,28191233
2,120384988
11,128905804
6,79947698
17,4222301
10,22252513
6,143540046
1,15604560
16,62036342
18,79022766
8,96268599
1,205531548
3,69866298
11,62922085
8,23404454
17,76716347
9,127245559
1,44778288
13,43022470
14,68404711
19,15911662
11,123525797
9,134357993
14,19826846
17,58192837
8,90645162
13,50128659
4,108172062
6,136792187
9,973198
3,170418475
1,61054216
16,75566666
21,44967314
2,100817620
18,76494936
17,32142919
6,52359847
10,29482814
16,2979752
10,26438140
17,80337757
4,11426076
9,34255151
17,58084667
1,241356986
9,125887534
11,56491792
12,99155172
8,143598723
6,99602786
14,102819419
14,99198007
1,16648090
9,136829431
20,63775075
17,50560088
8,123207459
8,143951883
19,5824054
22,41560806
7,2375313
9,128251044
7,143288152
20,63007081
1,201740007
10,485622
17,17837154
9,13705642
17,12786720
22,38872200
15,51751754
3,171457924
9,124766219
17,34157240
9,32548606
13,110665675
7,26153346
22,21735843
2,9247343
8,28728293
2,231052499
3,48919504
22,20438248
10,88897221
7,53035883
16,52121
14,67571404
19,15398689
12,4720661
20,3795677
22,31346753
22,23070229
3,195886770
1,217431269
11,44977651
2,239275181
11,60910338
1,116312290
18,77249781
2,38407255
10,75405409
17,28955046
2,72924837
10,132395843
17,7261936
8,123541342
8,144308846
10,86943038
12,213475
11,111937380
2,187825254
6,116370219
17,64496618
1,207823114
12,104736504
3,195180628
17,50128194
8,105319767
12,98895517
14,28762103
1,24848572
15,101652247
6,3114896
12,34341061
4,110621958
11,563990
17,28576854
2,182318547
14,77158195
17,81027168
12,54053812
14,51328214
11,2902034
1,37935792
19,22622999
1,29124723
11,3160889
20,56412020
1,207910726
17,39864353
16,75625986
11,76796164
4,138910910
14,57268827
16,4335297
14,21056972
14,70247672
4,121072937
22,25420946
11,2701171
17,7465747
8,902569
19,10096515
16,19715820
5,172637549
16,58039913
1,58781815
5,172958807
6,150142854
3,123071331
15,34755002
18,77108537
17,42288004
2,72924466
11,30584034
1,202709961
17,2054538
7,146116345
11,76455822
7,32074585
7,124766181
2,68122973
2,133568795
19,45885674
1,35269201
17,76072708
15,72758257
17,78802121
19,36573478
2,71227370
19,58575271
2,38605873
11,2460315
12,124380111
10,133378550
1,6080529
19,13506198
12,95358741
4,76011364
8,141182388
17,75635506
17,43907854
6,168274172
1,17247683
4,152309478
19,43820856
17,75087792
10,60141747
22,49091531
10,29849659
20,63894897
1,203075802
19,55117627
15,41621545
6,10382931
11,7513758
22,50434971
17,7855536
11,115959214
4,105708505
15,31102082
13,25047190
14,55268266
17,17281318
1,877159
12,33439350
17,81488796
2,111030778
6,158939177
17,36090184
2,85102707
15,57704281
10,8055028
14,68958039
13,99979996
3,126911635
6,37500281
7,141074361
5,77641686
1,218383753
6,62286309
8,123430062
2,79511493
6,27810080
7,90403221
13,110513090
3,146143122
12,132607009
15,75208684
17,43125196
14,55129240
11,75419025
12,57888723
10,102556306
7,36762923
10,79394425
17,82602222
11,67267069
13,20431111
19,40467464
17,38563282
19,1812079
2,241645870
19,33132005
2,1743310
11,134731217
4,56592697
11,66312234
2,68936982
2,157628903
14,49971433
10,8054639
4,74308357
12,52839030
7,111090749
17,57406483
8,22865695
3,138950295
11,1008337
14,99971884
13,76976444
1,200453543
10,133465506
1,209938216
8,141222853
19,45815895
17,43483947
16,67014566
11,72080669
20,1266071
17,79951518
19,55503445
1,230979114
11,65184327
12,29783912
19,33621323
2,201698864
1,156082001
7,70789824
1,22572949
7,66682522
2,56188443
4,18018314
5,44389180
11,71577468
14,57485442
18,46946780
1,226828026
13,52156943
10,48684909
10,97869193
21,34096401
6,168229628
1,113675564
4,44447721
3,184601778
17,37493542
12,69362799
8,677132
12,56634772
1,247857048
13,114151822
14,36510553
2,212427817
19,20078303
3,24494983
22,43421378
17,81614685
2,16508553
13,110665588
6,49787392
3,160565594
2,219460647
11,60937144
5,136192175
1,33375980
9,8713788
19,10320985
9,132637733
5,508070
3,112642105
13,25096189
7,116526770
13,74552805
1,201000545
17,62750899
8,41529345
15,28113156
2,173359434
15,78266064
2,159712178
3,187735075
12,75480776
8,9898991
6,34792293
8,66439362
8,30575945
17,7854886
8,144730639
19,55283110
2,232838410
7,30697983
6,62286225
1,27600172
17,82615104
6,45556609
4,41538098
2,47030445
12,11718802
15,69298809
2,23629115
6,167989667
1,91021602
19,39935704
16,87218233
3,105368327
17,20896219
13,112843994
3,146605291
7,65398002
20,20365782
13,40537356
19,14247774
1,1007118
2,70964988
6,14712116
12,114667714
6,3517719
7,151277285
7,95592792
6,167815678
17,1078403
17,42674194
8,39107507
2,219391679
15,80788081
10,22477152
1,46530874
3,64225315
1,204360058
13,112968394
12,72271991
5,129460406
5,1876054
7,37109188
14,101065256
1,12496514
2,169581915
5,136365362
12,2230347
10,87020184
14,22105206
3,49022054
3,12817388
11,369133
20,37385025
10,3781598
21,36699373
14,56805526
17,339211
8,21750768
3,11846883
19,11554325
12,50953164
7,1940586
2,24361084
2,101113843
6,44297932
3,9792769
6,16729379
13,44373903
4,139014958
11,19350467
4,158173125
17,27332583
15,41894981
12,4487260
4,186596785
12,109052827
5,174751644
12,120649886
11,45850385
19,979382
19,2062523
17,29140403
19,35121354
7,47540649
8,19820502
6,43021619
21,34690514
13,107868218
10,73651059
6,44275567
1,85578420
7,148434184
17,19716592
8,98942451
5,114362748
10,60915211
17,75646406
17,4786470
11,47254918
8,144474868
14,23548673
21,41820203
17,81466023
5,93742153
10,119819127
10,1380670
10,123967081
19,18650463
2,238390652
10,14834068
11,27472586
11,73264359
4,157220784
4,173506237
10,61780266
1,67833810
5,140842668
15,72197075
18,9338367
6,144007780
17,15409842
17,80101111
15,85690005
10,100827242
11,66267425
17,44247024
4,5050799
1,50427986
19,13764297
2,44937581
18,52345644
21,45480840
6,109691432
2,73285020
1,26112354
1,12593708
7,50732505
11,132114090
5,65099717
1,99264224
10,97714271
15,43106104
10,12606033
10,132454492
19,7918992
1,209626008
6,168411889
17,50129385
20,36461435
3,50336873
1,46132209
6,56955588
4,2430586
10,101061808
1,2243359
2,201140043
5,13783575
12,111733998
6,16635926
5,151924861
10,124589933
17,75635705
7,30911817
8,1633402
10,110211430
12,121391940
17,81279985
14,30875797
11,101034339
16,31214029
11,58927620
17,67531450
3,15181190
10,102714673
6,135851680
19,1230172
6,35297602
4,153793135
8,144312662
7,6615249
7,12756888
11,61820508
10,62817647
3,126476338
17,48614985
10,6217158
7,102912922
19,6008116
20,45946382
10,114179265
18,32092021
17,82410642
4,99511109
2,157257673
7,151018942
10,45418828
3,129183534
8,48978050
12,76329175
1,37766308
16,73062943
15,57218377
8,48513972
17,79183917
22,24423896
3,127030030
11,705892
16,85464436
8,141285675
13,45418538
19,709889
12,54033600
5,139701551
16,83953190
7,29884216
3,184561833
16,56194586
17,77055865
1,33306431
10,43396627
8,24218707
7,24284148
8,22366339
19,49338201
2,161418885
16,89248696
6,62285971
19,53520639
16,53054762
17,8408276
1,9247319
5,1088327
16,70346655
17,8440152
10,38095173
16,2858156
10,122468962
14,101781565
12,114667485
12,80708344
2,241659428
9,14693650
7,99439133
10,6191811
6,109093920
12,120529302
18,77120159
19,50879335
2,153872687
19,50333304
12,122975612
17,7839653
11,134393385
16,66934365
1,182953292
7,711083
5,134114326
10,133124294
3,46979906
12,4809835
5,120616984
10,42898606
10,8054405
10,120949516
16,11587743
19,52008257
5,132270700
12,117045148
3,194134979
4,103077132
17,55564353
8,120779033
5,10649269
10,114526846
10,27259662
17,6893622
11,2929402
8,6598661
7,135748967
3,59818709
2,160269784
12,65829938
6,4021264
9,136133865
7,93206839
8,7486949
16,30759473
16,83969122
12,132324502
1,51304015
3,183253058
17,81085059
1,42817514
2,201698404
1,46533043
6,96836733
5,132496860
11,75320010
12,1663338
14,75469965
3,53495232
4,11399549
16,53434238
10,110460713
2,230848266
16,27776852
17,3720178
2,164617484
10,3755279
17,28577080
1,151282143
5,142613617
20,62427539
6,12012028
19,19110507
1,156641782
16,88784126
5,94618714
20,1266882
3,47782041
17,48492885
5,173230462
16,67433848
16,89136409
8,10404711
19,1434904
19,49851253
12,114691206
16,27217358
11,64126981
15,57326406
7,2362588
8,42411209
16,49839457
1,43285833
14,49621278
11,16929237
16,2176079
5,132410370
14,90396783
17,81911583
4,1532584
7,155643980
16,58629740
12,78864627
7,27144331
12,7959916
6,109980276
20,2536585
12,52905127
16,2205395
1,235984421
2,2543345
2,171999366
2,219279118
12,8822600
19,3198972
5,2111995
5,36606654
3,53046424
11,128522488
10,43323155
16,67538692
10,99329392
5,59768697
16,16062182
6,62286227
2,176144042
1,90707213
6,19837512
1,2139877
11,1748160
11,107841016
2,100417817
17,63939553
5,124652054
1,156501496
17,82787359
4,47705047
1,193113634
6,7107703
19,49142836
2,233060471
22,30247074
17,65538507
2,42339264
16,82170796
22,46331338
6,39425914
10,123429301
16,56985843
3,192408795
3,133674396
10,100065272
1,211515303
22,32194259
3,170585851
1,240493367
16,69465172
3,37994569
3,52455307
13,24263799
7,134692194
5,111758230
5,76715302
6,169423958
11,62923779
17,36943575
2,8239869
11,63671593
1,26360683
19,3201537
10,95183806
12,46678079
6,54846590
5,76407504
10,112585229
6,104940316
3,189806681
2,84865749
15,96357176
3,183064777
17,63446712
17,82931177
16,23641516
16,8752382
3,134033031
17,81080273
9,137188434
7,92633656
16,3192850
3,50322547
8,41896654
10,87505566
19,49552824
19,49594875
4,171813196
14,21570870
7,106661214
10,121609167
3,187197514
16,85616768
5,65925936
17,42337551
17,31859041
22,24593281
16,66844968
5,80407574
4,121951841
3,9878888
2,156334446
11,61828022
2,144491003
16,72093985
1,2133326
11,126115149
2,74131688
17,55420808
19,30226310
5,136031979
13,95641628
14,104158912
13,30932133
14,102905483
4,40857232
17,75272079
7,5488548
2,95274283
22,27795234
7,45157730
3,38138383
1,2402112
17,6558982
16,72089502
17,78502861
17,74893695
2,178112352
16,68265182
17,8467165
16,79600686
10,117734983
6,3750842
11,66857370
1,47225309
16,19117906
5,15936659
16,3949187
8,48978314
2,105399282
15,65792586
2,113117656
22,38925606
19,4406722
1,220267755
14,70686198
2,95649099
1,207801837
13,112809890
2,176149898
5,141304114
1,222617830
11,19240577
7,135247931
6,170451622
14,35336692
15,78348194
1,47987068
8,22355732
6,170423265
3,49423088
11,2901577
4,127730781
18,58194805
2,168901270
2,1621244
15,85555380
19,12825988
10,132547473
5,37834570
13,112842405
1,42658307
2,157597889
8,37697387
1,209937653
5,7293042
20,31608597
5,131672418
3,121545431
20,1226095
5,1882406
13,26557347
19,55517516
15,74812671
1,36385594
4,123774096
22,38794377
12,116376497
18,78784456
10,14953958
21,29940015
4,82430300
17,11558255
17,48995545
11,626128
12,107319639
6,26199542
13,111524083
6,10400542
4,87031021
16,1549071
19,855922
10,101061913
10,68407016
4,107989409
19,47754698
5,36876852
2,200787629
12,120369513
20,1329356
10,133459837
2,73075576
19,13001994
15,72800870
1,7704582
16,15055697
2,130198113
9,92878084
19,15457549
1,175193211
20,63362075
6,99613628
17,80023864
1,85708538
7,102321656
11,1748179
12,109714328
17,82667142
6,131860681
11,126283064
5,59035059
11,83573862
4,103077134
19,860565
11,49558522
19,51016837
7,29195170
7,769441
19,1555046
16,2464930
11,45665731
4,26861750
17,41807793
4,15905866
7,159010029
16,66802145
2,95295955
14,20684580
7,27110412
22,22224248
20,43667474
5,82859932
3,129616852
6,11232892
13,75481891
2,111494677
16,27626198
19,44448490
11,46336012
4,68182040
10,45428230
17,50199855
2,74198622
5,73299607
17,50345762
4,73069236
1,152037235
2,100292175
19,1423754
6,26017711
6,98825731
20,63348081
16,62036315
16,46689176
3,14124827
8,22275165
2,238128857
4,75630593
13,75538844
16,8961669
3,124094749
17,38852945
17,41836100
12,93678002
20,31995035
17,1078490
17,8079352
1,25618023
8,144316230
7,27152437
3,18443919
6,100458809
2,44291791
2,63046805
11,45665727
6,111483549
14,105021235
2,162184482
4,727020
1,218285224
13,78608781
5,31193233
10,6144831
19,22901423
13,114001691
11,6570836
2,127700825
17,28227219
17,29109948
19,424281
17,82891413
17,64263145
1,24187454
7,37449057
12,20370209
19,1851996
17,81860654
5,150946516
19,3196208
1,116534494
19,10354035
6,57190236
2,74648883
17,72120293
20,62386992
3,152235085
12,55727231
5,3591878
16,58684562
20,35092996
1,153678671
17,2700445
18,12404042
7,116218080
8,1103157
14,85529916
8,78840838
19,45717706
20,35292392
3,11136966
5,174718505
17,50767691
3,4986725
10,32958304
11,72722393
1,223364992
15,52214166
2,153871620
1,118136667
8,123208016
7,131546898
2,47691274
3,52487914
7,151168204
13,113365369
2,115161168
12,6946520
1,8212139
17,1493785
8,143246848
14,70773166
8,22274386
15,84657920
13,77919455
19,47755851
8,28083888
1,225428773
1,1399423
15,65245626
8,24384596
1,211353363
7,64889072
11,115217929
17,63446931
15,81323969
6,27680117
20,49936316
15,28108032
2,12718977
12,64781388
22,30356318
3,100492586
3,124094572
15,48811086
2,118013762
18,12376969
2,134121269
9,136472945
22,49724875
10,100684918
8,109692528
3,171843270
19,48364224
9,124392908
9,121775352
19,45553526
9,126587485
10,48982800
3,127536709
7,39566191
7,27101469
1,154192223
9,95093797
9,110256116
4,3122440
9,36840544
15,59276513
2,158457364
7,158199952
9,89678382
4,41935606
12,53218767
1,110635207
19,40217325
17,75897128
8,143567188
2,96325244
2,44802838
9,89178450
7,949592
19,41364438
9,131475765
14,93066218
1,43068242
10,22605125
4,37978198
10,11005472
7,120950605
9,100578192
4,112379612
9,96934239
1,247418764
9,136327260
1,153628496
9,91727756
9,61669632
4,25095936
7,101180096
17,36528839
11,119728466
1,203075598
1,1513822
10,62433309
11,111308265
5,24645038
10,34110916
17,36942303
6,36443439
1,16375981
10,80408539
14,24274185
19,36236083
13,113209772
6,117265503
1,9654785
3,31981577
10,1025962
2,234494574
7,1437555
2,74374304
1,156661450
4,72568874
2,144517755
2,240918771
6,100443725
15,66293665
7,97013198
7,158443337
8,9903661
17,41572376
22,24603007
18,23663565
14,103562187
15,26080298
15,83207860
10,93060232
18,3499095
2,237627267
11,70203869
18,78792701
2,23545493
11,63671643
2,74081341
11,65833794
14,60515917
10,73495742
14,90815208
1,244846997
5,171999933
8,21750742
8,119211626
7,149820430
14,24308502
14,80955645
16,82170786
14,92513689
4,1339875
3,193644054
12,53677410
11,19712944
7,12403903
7,28177232
3,147427193
2,71276418
4,37960420
18,74498781
8,30912658
1,23913510
3,173397746
17,42040094
4,103719676
4,95548414
13,113638348
4,973751
19,1218483
5,172189570
1,31626595
16,2979822
7,2803112
7,128164948
11,124758247
2,240997427
7,73521306
8,74315329
6,82248034
19,40512537
8,115664711
4,150078771
17,76672170
7,102321645
22,50530087
1,39487931
4,1208906
6,4358576
19,24087166
8,140097618
3,16514090
6,106134763
22,18970803
9,113901189
5,67004578
17,49556388
17,83058309
10,129840560
3,11225839
1,209576617
10,3119862
11,86958113
7,105244801
6,533904
17,3585763
22,20267409
11,1281606
19,46603916
12,75909772
12,5457218
17,82031163
1,76071778
1,116990792
2,188291822
19,35856789
10,73771642
7,29989774
3,129305833
5,177433862
15,42575369
7,30911877
6,167324854
10,133288471
17,77960140
2,29921286
4,9498530
7,159144415
10,91630554
5,16701472
2,174154264
17,31788398
11,71435410
19,21747189
2,241065538
9,34127501
3,47013178
7,150403697
1,44776406
5,86617731
1,28914193
10,72297947
9,129641594
19,45002040
6,6699972
11,131690488
19,48837508
17,15260803
11,63986126
13,57628305
4,48483284
10,127997965
16,31458662
8,94900516
1,2526817
11,66267455
18,46946642
10,11441365
1,247112794
14,105153174
19,55408272
19,4048429
14,76765276
1,42335475
19,35510535
4,41364972
8,141388312
14,37594608
15,94110945
14,52361087
19,53942123
1,54999254
7,4775455
10,114286973
18,57121827
1,2526582
13,80340995
11,78076802
8,123776729
1,2052335
8,26190765
11,3056692
17,81688133
2,120278864
3,42875848
17,31322943
22,46364698
2,73214116
2,231781976
14,101060735
20,37343256
2,241771631
17,83024280
4,5885171
17,64969394
16,88453648
2,3651744
10,102391262
19,12092214
4,151169226
1,247857330
1,94541933
11,65786571
1,233613897
8,55101873
11,76670643
14,52729812
22,42290013
2,51026994
9,90044829
6,22737489
6,132401631
17,82840202
2,221943077
4,85930272
1,205632444
13,22925730
19,19821893
1,7685057
2,29216227
5,146182447
17,58087100
19,16067760
2,172109489
11,64036647
12,50057612
7,32428519
11,129376499
6,41028150
3,11569121
2,71451333
4,102827517
3,138944033
17,43543543
18,46654852
7,64668765
17,70074270
17,4739962
13,111668923
12,6377543
7,50793770
17,7926721
19,48965234
13,28401553
2,79511513
19,47725852
3,58174251
9,128149513
5,16866955
19,38264086
5,121851845
19,14091664
1,2094754
12,111843083
1,204684501
7,48036407
2,72144126
11,62270187
20,38446542
7,151082247
2,120466164
11,125456074
14,102231755
1,23175500
2,25279171
5,161549411
3,196202518
3,94936654
1,143667790
17,29591840
17,38824895
3,14488848
14,71647081
6,24408765
10,88882246
19,18940528
12,130160878
17,4678909
18,50282705
11,2883516
3,49029718
1,6461832
7,76201887
11,111296764
12,6556204
20,31724160
22,28829791
6,151390449
17,4806720
12,46403170
13,46387448
17,43006679
17,41967319
10,124044321
19,15457763
12,66169636
19,6467399
5,180899142
5,151815872
11,129379525
22,22504845
10,369419
13,113399922
22,39664703
2,200468155
17,75405636
3,99645217
6,158921936
19,7888546
17,81667814
2,96501782
8,141129839
15,29612367
7,73560242
12,118774355
5,76715313
1,232591092
7,1736355
8,78663052
7,6504476
4,4862703
11,19814463
1,6171941
19,9914157
17,79986005
9,128160538
6,15497182
18,36758533
18,23155708
12,120690465
2,88454964
3,56467324
18,50820173
7,27242689
17,21214948
8,42413002
17,68101669
1,43367280
13,112730268
10,27743028
19,50480783
11,2901582
4,105710749
14,104357683
20,51802692
12,7936341
5,1729812
19,18227461
10,133031249
15,40769890
7,8437100
11,18011749
1,116825518
7,105963176
19,13805003
2,104862198
11,66278015
19,53869554
20,1619977
2,10170129
2,240136641
3,98263986
6,99606709
15,85689989
14,94772413
19,40750826
20,64046276
3,50337808
5,80083048
11,107858205
4,74038781
8,49046621
8,128048802
1,32221989
5,129905388
16,2968261
1,17875043
2,235605569
19,48837336
5,43602817
3,130111481
20,63123517
14,23321016
21,39660469
20,19935118
12,95956942
1,3335116
8,60877334
2,127068507
2,25342972
2,238523632
4,171813567
15,68819036
5,56480537
2,153873250
7,121334628
22,42721114
6,49554332
7,5776997
2,239222283
8,26053382
20,18794643
17,40283763
1,161226103
16,67966926
1,213979951
8,51871330
15,100627950
4,26863688
11,63671735
14,46651592
5,140043492
4,55636225
15,62953606
1,65007119
16,88812087
6,42450200
17,43983715
6,16374851
12,101702288
3,195889423
1,15526693
17,82244469
8,89543933
2,233164165
8,59119687
12,1500324
12,6963564
15,75649235
19,12969365
