ID,name,Hyper_Total_Regions,Hyper_Expected,Hyper_Foreground_Region_Hits,Hyper_Fold_Enrichment,Hyper_Region_Set_Coverage,Hyper_Term_Region_Coverage,Hyper_Foreground_Gene_Hits,Hyper_Background_Gene_Hits,Total_Genes_Annotated,Hyper_Raw_PValue,Hyper_Adjp_BH
GO:0051179,localization,65337,2158.135,2381,1.103268,0.4543026,0.03644183,1711,4949,5262,1.308185e-10,1.6383165544e-06
GO:0044763,single-organism cellular process,112437,3713.886,3913,1.053613,0.7466132,0.03480171,3168,9332,9965,2.490032e-10,1.6383165544e-06
GO:0007154,cell communication,62883,2077.077,2289,1.102029,0.4367487,0.03640094,1616,4717,5177,7.605229e-10,3.33590694703333e-06
GO:0006952,defense response,11565,382.0014,497,1.301042,0.09482923,0.04297449,334,1037,1168,1.345469e-09,4.42625664275e-06
GO:0023052,signaling,61842,2042.692,2247,1.100019,0.428735,0.03633453,1586,4627,5085,2.601502e-09,5.77438726342857e-06
GO:0044700,single organism signaling,61781,2040.677,2244,1.099635,0.4281626,0.03632185,1584,4623,5081,3.061421e-09,5.77438726342857e-06
GO:0051234,establishment of localization,52767,1742.937,1940,1.113064,0.3701584,0.0367654,1372,4074,4344,3.071716e-09,5.77438726342857e-06
GO:0006810,transport,51339,1695.769,1889,1.113949,0.3604274,0.03679464,1331,3968,4234,4.810675e-09,7.912959040625e-06
GO:0002376,immune system process,27969,923.839,1080,1.169035,0.2060675,0.03861418,712,2126,2329,9.097798e-09,1.33019915424444e-05
GO:0044699,single-organism process,129007,4261.207,4414,1.035857,0.8422057,0.0342152,3841,11673,12665,1.086001e-08,1.38821947145455e-05
GO:0048513,animal organ development,45144,1491.143,1673,1.121958,0.3192139,0.03705919,1085,2742,2936,1.160454e-08,1.38821947145455e-05
GO:0022610,biological adhesion,14871,491.2013,609,1.239818,0.1161992,0.04095219,365,985,1058,2.097223e-08,2.17996029426667e-05
GO:0007155,cell adhesion,14768,487.7991,605,1.240265,0.115436,0.04096696,364,981,1053,2.235869e-08,2.17996029426667e-05
GO:0030154,cell differentiation,52681,1740.097,1925,1.10626,0.3672963,0.03654069,1256,3244,3468,2.4072e-08,2.17996029426667e-05
GO:0009607,response to biotic stimulus,8990,296.9471,391,1.316733,0.07460408,0.04349277,267,735,818,2.484946e-08,2.17996029426667e-05
GO:0065009,regulation of molecular function,44198,1459.896,1635,1.119943,0.3119634,0.03699262,1115,3109,3321,3.102427e-08,2.5515523058125e-05
GO:0048869,cellular developmental process,53458,1765.762,1949,1.103773,0.3718756,0.03645853,1276,3315,3543,3.503095e-08,2.71160159441176e-05
GO:0032879,regulation of localization,36437,1203.544,1366,1.134981,0.2606373,0.03748937,895,2428,2574,4.786514e-08,3.49920765144444e-05
GO:0048518,positive regulation of biological process,74218,2451.481,2641,1.077308,0.5039115,0.03558436,1907,5083,5433,5.307667e-08,3.54314299375e-05
GO:0051239,regulation of multicellular organismal process,42392,1400.242,1570,1.121234,0.2995612,0.03703529,1052,2629,2776,5.385125e-08,3.54314299375e-05
GO:1902578,single-organism localization,34814,1149.935,1308,1.137456,0.2495707,0.03757109,887,2587,2766,6.761729e-08,4.23702818623809e-05
GO:0048856,anatomical structure development,71752,2370.027,2556,1.078469,0.4876932,0.0356227,1790,4752,5084,8.675797e-08,5.18930966922727e-05
GO:0044767,single-organism developmental process,74266,2453.067,2638,1.075389,0.5033391,0.03552097,1867,5010,5357,1.069343e-07,6.11803675521739e-05
GO:0051707,response to other organism,8595,283.8999,371,1.306799,0.07078802,0.04316463,254,700,777,1.225223e-07,6.49504958692308e-05
GO:0023051,regulation of signaling,47348,1563.943,1734,1.108736,0.3308529,0.03662246,1201,3177,3376,1.245797e-07,6.49504958692308e-05
GO:0050896,response to stimulus,86076,2843.161,3026,1.064308,0.5773707,0.03515498,2354,7060,7718,1.283314e-07,6.49504958692308e-05
GO:0051240,positive regulation of multicellular organismal process,24464,808.0659,943,1.166984,0.1799275,0.03854644,590,1388,1470,1.474105e-07,7.18435099814815e-05
GO:0043207,response to external biotic stimulus,8621,284.7587,371,1.302858,0.07078802,0.04303445,254,702,780,1.648392e-07,7.74685368857143e-05
GO:0065008,regulation of biological quality,47714,1576.032,1744,1.106576,0.3327609,0.03655112,1226,3362,3593,1.839371e-07,8.34630447896552e-05
GO:0009653,anatomical structure morphogenesis,35137,1160.604,1313,1.131308,0.2505247,0.03736802,813,1887,1978,2.00169e-07,8.78007957e-05
GO:0032502,developmental process,75168,2482.861,2663,1.072553,0.5081091,0.03542731,1888,5086,5444,2.20897e-07,9.37672136451613e-05
GO:0010646,regulation of cell communication,46760,1544.521,1708,1.105844,0.325892,0.03652695,1183,3130,3326,3.231876e-07,0.000130640199330303
GO:0003008,system process,21204,700.3855,824,1.176495,0.1572219,0.03886059,518,1518,1740,3.276181e-07,0.000130640199330303
GO:0002684,positive regulation of immune system process,11299,373.2152,467,1.251289,0.08910513,0.04133109,280,820,897,4.094571e-07,0.000158471940555882
GO:0044802,single-organism membrane organization,11283,372.6867,466,1.25038,0.08891433,0.04130107,287,772,816,4.561409e-07,0.000171495945802857
GO:0009966,regulation of signal transduction,42887,1416.593,1573,1.110411,0.3001336,0.03667778,1071,2858,3040,5.259286e-07,0.000192241512427778
GO:0006928,movement of cell or subcellular component,22041,728.0323,851,1.168904,0.1623736,0.03860986,518,1337,1394,5.486006e-07,0.000195109062037838
GO:0009888,tissue development,25780,851.5345,982,1.153212,0.1873688,0.03809154,604,1518,1625,5.832659e-07,0.000201978841528947
GO:0044707,single-multicellular organism process,75605,2497.295,2670,1.069157,0.5094448,0.03531512,1910,5173,5541,6.481687e-07,0.000218698767264103
GO:0032496,response to lipopolysaccharide,3886,128.3578,185,1.441284,0.03529861,0.04760679,122,288,299,7.290542e-07,0.000239840605445
GO:0002237,response to molecule of bacterial origin,4004,132.2554,189,1.429053,0.03606182,0.0472028,124,304,317,9.533354e-07,0.000302963918009524
GO:0032501,multicellular organismal process,81265,2684.249,2854,1.063239,0.5445526,0.03511967,2092,5975,6553,9.669796e-07,0.000302963918009524
GO:0045087,innate immune response,5657,186.8553,253,1.353989,0.04827323,0.04472335,178,538,629,1.035245e-06,0.000316809045465116
GO:0061024,membrane organization,14494,478.7487,579,1.209403,0.1104751,0.03994756,363,995,1047,1.096651e-06,0.000327973420659091
GO:0007165,signal transduction,56387,1862.509,2025,1.087243,0.3863766,0.03591253,1436,4260,4700,1.135729e-06,0.000329261637347826
GO:0006954,inflammatory response,4809,158.8452,220,1.384996,0.04197672,0.04574756,130,431,461,1.151002e-06,0.000329261637347826
GO:0086103,G-protein coupled receptor signaling pathway involved in heart process,173,5.714332,20,3.499972,0.003816066,0.1156069,6,7,7,1.377146e-06,0.000385571579021277
GO:0006955,immune response,15199,502.0354,603,1.20111,0.1150544,0.03967366,411,1327,1489,1.479282e-06,0.000405538996625
GO:0007009,plasma membrane organization,3515,116.1033,168,1.446987,0.03205495,0.04779516,94,205,215,1.841451e-06,0.000494523545081633
GO:0003015,heart process,1460,48.225,83,1.721099,0.01583667,0.05684932,41,87,91,1.961827e-06,0.00051631362986
GO:0007275,multicellular organism development,68043,2247.516,2409,1.07185,0.4596451,0.03540408,1676,4419,4728,2.580197e-06,0.000662737092365385
GO:0048522,positive regulation of cellular process,68978,2278.4,2440,1.070927,0.46556,0.0353736,1743,4607,4914,2.618917e-06,0.000662737092365385
GO:1904062,regulation of cation transmembrane transport,3855,127.3338,180,1.413607,0.03434459,0.04669261,109,244,263,3.251075e-06,0.000797168152672727
GO:0034765,regulation of ion transmembrane transport,6382,210.8027,277,1.314025,0.05285251,0.04340332,174,403,430,3.296141e-06,0.000797168152672727
GO:0009617,response to bacterium,5539,182.9577,245,1.339107,0.0467468,0.04423181,171,467,516,3.331883e-06,0.000797168152672727
GO:0006811,ion transport,15782,521.2924,620,1.189352,0.118298,0.03928526,428,1201,1295,3.3981e-06,0.000798492819642857
GO:0048583,regulation of response to stimulus,52240,1725.53,1877,1.087782,0.3581378,0.03593032,1307,3630,3885,3.666771e-06,0.000846509466473684
GO:0051272,positive regulation of cellular component movement,7049,232.8342,301,1.292765,0.05743179,0.04270109,180,430,450,4.527214e-06,0.00102713119010345
GO:0051049,regulation of transport,25312,836.0761,954,1.141044,0.1820263,0.03768963,627,1733,1841,4.689128e-06,0.00104583449749153
GO:0001501,skeletal system development,9841,325.0563,403,1.239785,0.07689372,0.04095112,228,445,463,6.18634e-06,0.00134869515222222
GO:0050707,regulation of cytokine secretion,1908,63.0228,100,1.586727,0.01908033,0.0524109,54,155,169,6.301532e-06,0.00134869515222222
GO:0010256,endomembrane system organization,7538,248.9863,318,1.277179,0.06067544,0.04218626,185,489,506,6.43959e-06,0.00134869515222222
GO:0002252,immune effector process,10284,339.6889,419,1.233481,0.07994658,0.0407429,262,822,904,6.45701e-06,0.00134869515222222
GO:0045619,regulation of lymphocyte differentiation,2594,85.68194,128,1.493897,0.02442282,0.04934464,67,143,153,6.863568e-06,0.00141121392675
GO:0051270,regulation of cellular component movement,13090,432.3734,520,1.202664,0.09921771,0.03972498,324,801,843,7.327039e-06,0.00148333086463077
GO:1902531,regulation of intracellular signal transduction,25308,835.944,951,1.137636,0.1814539,0.03757705,623,1660,1778,7.62947e-06,0.00152115448075758
GO:0044765,single-organism transport,31619,1044.401,1168,1.118344,0.2228582,0.03693981,794,2371,2536,9.616275e-06,0.00188866511529851
GO:0001817,regulation of cytokine production,7823,258.4001,327,1.265479,0.06239267,0.04179982,198,561,610,9.911549e-06,0.00191121316
GO:0051716,cellular response to stimulus,72209,2385.122,2537,1.063677,0.4840679,0.03513412,1867,5602,6124,1.002156e-05,0.00191121316
GO:0048519,negative regulation of biological process,65346,2158.432,2308,1.069295,0.440374,0.03531968,1627,4441,4747,1.105737e-05,0.00207862759757143
GO:2000104,negative regulation of DNA-dependent DNA replication,268,8.852259,24,2.711172,0.004579279,0.08955224,11,18,20,1.198827e-05,0.00222188232295775
GO:0010959,regulation of metal ion transport,4777,157.7882,212,1.343573,0.0404503,0.04437932,134,324,345,1.21734e-05,0.002224857925
GO:0009887,animal organ morphogenesis,17968,593.4978,691,1.164284,0.1318451,0.03845726,392,827,858,1.260415e-05,0.00227202753219178
GO:2000147,positive regulation of cell motility,6853,226.3602,290,1.281144,0.05533295,0.04231723,175,420,440,1.308125e-05,0.00232616444256757
GO:1902105,regulation of leukocyte differentiation,4084,134.8979,185,1.371408,0.03529861,0.04529873,107,236,250,1.384674e-05,0.0024294566888
GO:0048468,cell development,25760,850.8739,963,1.131778,0.1837436,0.03738354,585,1400,1466,1.409769e-05,0.00244094082513158
GO:0048731,system development,61332,2025.846,2171,1.071651,0.4142339,0.03539751,1497,3876,4138,1.610519e-05,0.00275231422350649
GO:0016477,cell migration,13477,445.1563,530,1.190593,0.1011257,0.03932626,300,767,806,1.683042e-05,0.00283937816384615
GO:0030029,actin filament-based process,7989,263.8832,331,1.254343,0.06315589,0.04143197,195,465,490,1.744593e-05,0.00289364135604938
GO:0046425,regulation of JAK-STAT cascade,2007,66.29285,102,1.538627,0.01946193,0.05082212,60,135,149,1.777979e-05,0.00289364135604938
GO:0032663,regulation of interleukin-2 production,734,24.24462,47,1.938574,0.008967754,0.0640327,20,47,52,1.781176e-05,0.00289364135604938
GO:0040017,positive regulation of locomotion,7265,239.9689,304,1.266831,0.0580042,0.04184446,188,449,470,1.874628e-05,0.00300832071365854
GO:0048523,negative regulation of cellular process,61978,2047.184,2191,1.070251,0.41805,0.03535125,1520,4140,4432,1.963579e-05,0.00311310073024096
GO:0002682,regulation of immune system process,17879,590.558,685,1.15992,0.1307002,0.0383131,442,1303,1423,2.145674e-05,0.00333863955529412
GO:0034762,regulation of transmembrane transport,6632,219.0604,280,1.278186,0.05342492,0.04221954,176,418,445,2.15658e-05,0.00333863955529412
GO:0098609,cell-cell adhesion,8897,293.8752,363,1.235218,0.06926159,0.04080027,215,591,638,2.420991e-05,0.00366884112712644
GO:0001775,cell activation,12911,426.4609,508,1.191199,0.09692807,0.03934629,304,925,1013,2.425634e-05,0.00366884112712644
GO:0043062,extracellular structure organization,4786,158.0855,210,1.328395,0.04006869,0.04387798,123,287,308,2.617572e-05,0.00387724612258427
GO:0071216,cellular response to biotic stimulus,2273,75.07905,112,1.491761,0.02136997,0.04927409,70,167,176,2.622349e-05,0.00387724612258427
GO:0050863,regulation of T cell activation,4265,140.8764,190,1.3487,0.03625262,0.04454865,104,283,308,2.728566e-05,0.003989466666
GO:0048584,positive regulation of response to stimulus,27957,923.4426,1034,1.119723,0.1972906,0.03698537,687,1879,2014,3.121312e-05,0.00451355435252747
GO:1990138,neuron projection extension,952,31.44534,56,1.780868,0.01068498,0.05882353,27,51,58,3.335885e-05,0.00473860259322581
GO:0030198,extracellular matrix organization,4780,157.8873,209,1.323729,0.03987789,0.04372385,122,286,307,3.348963e-05,0.00473860259322581
GO:0044057,regulation of system process,8196,270.7206,336,1.241132,0.0641099,0.04099561,214,479,505,3.39369e-05,0.00475080496914894
GO:0048870,cell motility,14729,486.5109,571,1.173663,0.1089487,0.03876706,331,862,905,3.488724e-05,0.00483243359115789
GO:0051130,positive regulation of cellular component organization,18671,616.7184,710,1.151255,0.1354703,0.03802689,452,1151,1215,3.591633e-05,0.0049231561090625
GO:0003013,circulatory system process,5426,179.2252,233,1.30004,0.04445716,0.04294139,134,337,358,3.762346e-05,0.00510399082618557
GO:0032880,regulation of protein localization,14771,487.8982,572,1.172376,0.1091395,0.03872453,353,952,1008,3.836821e-05,0.00515191097336735
GO:2000145,regulation of cell motility,11998,396.3038,473,1.193529,0.09024995,0.03942324,294,733,772,3.927885e-05,0.0051871001535
GO:0050715,positive regulation of cytokine secretion,1303,43.03916,71,1.649661,0.01354703,0.05448964,39,106,114,3.941865e-05,0.0051871001535
GO:0009605,response to external stimulus,23706,783.0286,885,1.130227,0.1688609,0.03733232,587,1656,1788,4.115265e-05,0.00536166060742574
GO:0051701,interaction with host,2127,70.25655,105,1.494523,0.02003434,0.0493653,65,145,153,4.267629e-05,0.005505659805
GO:0006950,response to stress,39967,1320.143,1443,1.093064,0.2753291,0.03610479,1010,3031,3269,4.345845e-05,0.005513555205
GO:0007166,cell surface receptor signaling pathway,29269,966.779,1077,1.114008,0.2054951,0.03679661,719,1992,2143,4.357548e-05,0.005513555205
GO:0050730,regulation of peptidyl-tyrosine phosphorylation,3600,118.9109,163,1.370774,0.03110093,0.04527778,94,226,229,4.450897e-05,0.00557803367838095
GO:0071219,cellular response to molecule of bacterial origin,2008,66.32588,100,1.507707,0.01908033,0.0498008,65,148,155,4.610823e-05,0.0057239452695283
GO:0040012,regulation of locomotion,12928,427.0224,505,1.182608,0.09635566,0.0390625,321,793,839,5.086525e-05,0.00623706626722222
GO:0032989,cellular component morphogenesis,13013,429.83,508,1.181862,0.09692807,0.03903789,299,671,711,5.118954e-05,0.00623706626722222
GO:0051053,negative regulation of DNA metabolic process,1697,56.0533,87,1.552094,0.01659989,0.05126694,43,123,132,5.198936e-05,0.0062582093818018
GO:0065007,biological regulation,123493,4079.075,4193,1.027929,0.8000382,0.03395334,3637,10737,11658,5.266863e-05,0.0062582093818018
GO:0051094,positive regulation of developmental process,21595,713.3005,810,1.135566,0.1545507,0.03750868,503,1155,1210,5.278982e-05,0.0062582093818018
GO:0023057,negative regulation of signaling,20290,670.1953,764,1.139966,0.1457737,0.03765402,474,1202,1262,5.699942e-05,0.00669692292660714
GO:0000904,cell morphogenesis involved in differentiation,9561,315.8077,383,1.212764,0.07307766,0.04005857,218,462,491,6.418907e-05,0.00739797149182609
GO:0030334,regulation of cell migration,11366,375.4283,448,1.193304,0.08547987,0.0394158,271,684,717,6.426452e-05,0.00739797149182609
GO:0071871,response to epinephrine,355,11.72594,27,2.302587,0.005151689,0.07605634,10,16,16,6.465284e-05,0.00739797149182609
GO:0043269,regulation of ion transport,8628,284.9899,349,1.224605,0.06659035,0.0404497,230,580,618,6.652071e-05,0.00754608640422414
GO:0045580,regulation of T cell differentiation,2130,70.35564,104,1.478204,0.01984354,0.04882629,57,119,126,7.000638e-05,0.00787362354205128
GO:0071702,organic substance transport,25398,838.9167,940,1.120493,0.1793551,0.03701079,621,1879,2000,7.229443e-05,0.00806205427432203
GO:0010648,negative regulation of cell communication,20248,668.808,761,1.137845,0.1452013,0.03758396,473,1199,1258,7.340477e-05,0.0080988710375
GO:1902107,positive regulation of leukocyte differentiation,2383,78.71244,114,1.44831,0.02175157,0.04783886,60,123,132,7.38555e-05,0.0080988710375
GO:0030335,positive regulation of cell migration,6593,217.7722,274,1.258196,0.0522801,0.04155923,162,405,422,7.459403e-05,0.00811225488239669
GO:0045785,positive regulation of cell adhesion,5709,188.5729,241,1.27802,0.04598359,0.04221405,138,351,379,7.943367e-05,0.00856776773385246
GO:0061448,connective tissue development,4488,148.2423,195,1.315414,0.03720664,0.0434492,110,189,196,8.439611e-05,0.00893582032257576
GO:0033036,macromolecule localization,29287,967.3736,1073,1.109189,0.2047319,0.03663742,708,2063,2192,8.466725e-05,0.00893582032257576
GO:0050778,positive regulation of immune response,6960,229.8945,287,1.248399,0.05476054,0.04123563,178,536,593,8.540382e-05,0.00893582032257576
GO:0001763,morphogenesis of a branching structure,4199,138.6964,184,1.326639,0.0351078,0.04381996,83,162,167,8.566275e-05,0.00893582032257576
GO:0050790,regulation of catalytic activity,31128,1028.183,1136,1.104861,0.2167525,0.03649447,756,2137,2271,8.719423e-05,0.00893582032257576
GO:0048871,multicellular organismal homeostasis,4123,136.1861,181,1.329064,0.03453539,0.04390007,105,271,281,8.878734e-05,0.00893582032257576
GO:0046427,positive regulation of JAK-STAT cascade,1034,34.15387,58,1.698197,0.01106659,0.05609284,35,72,72,8.893885e-05,0.00893582032257576
GO:0008284,positive regulation of cell proliferation,14106,465.9327,544,1.167551,0.103797,0.03856515,317,799,855,8.907775e-05,0.00893582032257576
GO:0072001,renal system development,6341,209.4484,264,1.260454,0.05037207,0.04163381,135,260,269,8.961399e-05,0.00893582032257576
GO:0050794,regulation of cellular process,115304,3808.586,3927,1.031091,0.7492845,0.0340578,3298,9630,10477,8.963662e-05,0.00893582032257576
GO:0010941,regulation of cell death,24346,804.1683,902,1.121656,0.1721046,0.03704921,575,1492,1599,9.192422e-05,0.00899670497748148
GO:0042127,regulation of cell proliferation,24953,824.218,923,1.119849,0.1761114,0.03698954,564,1466,1559,9.197498e-05,0.00899670497748148
GO:0071222,cellular response to lipopolysaccharide,1972,65.13677,97,1.489174,0.01850792,0.04918864,64,141,147,9.229844e-05,0.00899670497748148
GO:0051128,regulation of cellular component organization,35510,1172.924,1285,1.095552,0.2451822,0.03618699,842,2234,2368,9.798752e-05,0.00948101305647059
GO:0050776,regulation of immune response,10621,350.8203,419,1.194344,0.07994658,0.03945015,270,819,914,0.0001036435,0.00995507165328467
GO:0050789,regulation of biological process,119268,3939.52,4053,1.028806,0.7733257,0.03398229,3462,10162,11037,0.0001049676,0.0100091931043478
GO:1903037,regulation of leukocyte cell-cell adhesion,4538,149.8939,196,1.307592,0.03739744,0.04319083,109,297,323,0.0001109353,0.0105021410985612
GO:1903708,positive regulation of hemopoiesis,2944,97.24273,135,1.388279,0.02575844,0.04585598,72,154,165,0.0001122449,0.0105502188507143
GO:0030155,regulation of cell adhesion,10076,332.8185,399,1.198852,0.07613051,0.03959905,239,609,653,0.0001132699,0.0105710540007092
GO:0048588,developmental cell growth,1519,50.17381,78,1.554596,0.01488266,0.05134957,40,74,83,0.0001162304,0.0107202968223776
GO:0050900,leukocyte migration,3438,113.56,154,1.356112,0.02938371,0.04479348,93,283,301,0.0001164984,0.0107202968223776
GO:0045589,regulation of regulatory T cell differentiation,388,12.81596,28,2.184776,0.005342492,0.07216495,12,22,25,0.0001176003,0.01074654408125
GO:0007605,sensory perception of sound,2262,74.71571,108,1.445479,0.02060675,0.04774536,66,137,144,0.0001205324,0.0109385231144828
GO:2000386,positive regulation of ovarian follicle development,16,0.5284931,5,9.460861,0.0009540164,0.3125,1,2,2,0.0001263029,0.0112464320812081
GO:0008015,blood circulation,5351,176.7479,226,1.278657,0.04312154,0.0422351,132,334,354,0.0001269031,0.0112464320812081
GO:0072049,comma-shaped body morphogenesis,182,6.011609,17,2.827862,0.003243656,0.09340659,3,5,5,0.000126925,0.0112464320812081
GO:0072659,protein localization to plasma membrane,2569,84.85617,120,1.414158,0.02289639,0.04671078,66,150,160,0.0001273439,0.0112464320812081
GO:0045321,leukocyte activation,10738,354.6849,422,1.189788,0.08051898,0.03929968,250,790,869,0.0001329918,0.011666927308
GO:0045597,positive regulation of cell differentiation,15759,520.5327,600,1.152665,0.114482,0.03807348,367,833,870,0.0001369576,0.0119352652874172
GO:0000902,cell morphogenesis,11764,388.5746,458,1.178667,0.0873879,0.03893234,262,579,617,0.0001519416,0.0131539441736842
GO:0050678,regulation of epithelial cell proliferation,5585,184.4771,234,1.26845,0.04464797,0.04189794,125,280,292,0.0001539937,0.0132444646947712
GO:1900041,negative regulation of interleukin-2 secretion,74,2.444281,10,4.091183,0.001908033,0.1351351,2,3,4,0.0001598122,0.0136556411675325
GO:0090190,positive regulation of branching involved in ureteric bud morphogenesis,563,18.59635,36,1.935864,0.006868918,0.06394316,13,17,19,0.0001628499,0.0138254311877419
GO:0061138,morphogenesis of a branching epithelium,3937,130.0423,172,1.322646,0.03281816,0.04368809,77,153,158,0.0001648786,0.013907932675641
GO:0001503,ossification,4469,147.6147,192,1.300683,0.03663423,0.04296263,109,239,249,0.0001694934,0.0142061379019108
GO:0001655,urogenital system development,7146,236.0382,291,1.232851,0.05552376,0.04072208,152,292,302,0.0001724822,0.0143017308704402
GO:0061213,positive regulation of mesonephros development,718,23.71613,43,1.813112,0.008204541,0.05988858,15,20,22,0.0001728076,0.0143017308704402
GO:0032103,positive regulation of response to external stimulus,3106,102.5937,140,1.364606,0.02671246,0.04507405,92,252,275,0.0001777374,0.0145854356
GO:1900029,positive regulation of ruffle assembly,205,6.771318,18,2.658271,0.003434459,0.08780488,9,12,12,0.0001784524,0.0145854356
GO:0002253,activation of immune response,5224,172.553,220,1.274971,0.04197672,0.04211332,132,396,442,0.0001811852,0.0146406388159509
GO:0009987,cellular process,142445,4705.075,4781,1.016137,0.9122305,0.03356383,4420,13641,14773,0.000181353,0.0146406388159509
GO:0003006,developmental process involved in reproduction,10615,350.6221,416,1.186462,0.07937417,0.03918983,242,604,629,0.0001845,0.0147700045315152
GO:0048534,hematopoietic or lymphoid organ development,9723,321.1587,384,1.195671,0.07326846,0.03949398,211,515,559,0.0001852003,0.0147700045315152
GO:0051249,regulation of lymphocyte activation,5741,189.6299,239,1.26035,0.04560198,0.04163038,134,369,400,0.0001898875,0.0150525880271084
GO:2001286,regulation of caveolin-mediated endocytosis,62,2.047911,9,4.394723,0.00171723,0.1451613,3,5,5,0.0001937074,0.0152634471652695
GO:0060560,developmental growth involved in morphogenesis,2368,78.21698,111,1.419129,0.02117916,0.046875,56,100,109,0.0001951352,0.015284429147619
GO:0042981,regulation of apoptotic process,22652,748.2141,838,1.12,0.1598932,0.03699453,531,1370,1471,0.0002038644,0.0158736783408284
GO:0040007,growth,7607,251.2654,307,1.221815,0.05857661,0.04035757,168,369,388,0.0002087904,0.0161258927807018
GO:2000026,regulation of multicellular organismal development,30939,1021.94,1123,1.09889,0.2142721,0.03629723,722,1734,1820,0.0002095545,0.0161258927807018
GO:0086023,adrenergic receptor signaling pathway involved in heart process,122,4.02976,13,3.225999,0.002480443,0.1065574,3,4,4,0.0002108069,0.0161279534715116
GO:0001822,kidney development,5834,192.7018,242,1.255826,0.04617439,0.04148097,125,244,253,0.0002130446,0.0162049357884393
GO:0002520,immune system development,10133,334.7013,398,1.18912,0.07593971,0.03927761,220,542,586,0.0002147842,0.0162433637229885
GO:0043065,positive regulation of apoptotic process,9773,322.8102,385,1.192651,0.07345926,0.03939425,230,557,591,0.0002188887,0.0164591794474286
GO:0040011,locomotion,18466,609.9471,692,1.134525,0.1320359,0.03747428,414,1088,1139,0.0002204277,0.0164807278653409
GO:0031589,cell-substrate adhesion,2607,86.11134,120,1.393545,0.02289639,0.04602992,63,155,163,0.0002246911,0.0167045773158192
GO:0022407,regulation of cell-cell adhesion,5950,196.5334,246,1.251696,0.04693761,0.04134454,141,368,398,0.0002290111,0.016866412249162
GO:0022603,regulation of anatomical structure morphogenesis,16557,546.8913,625,1.142823,0.1192521,0.03774838,391,907,958,0.0002294314,0.016866412249162
GO:1990778,protein localization to cell periphery,2738,90.43838,125,1.382157,0.02385041,0.04565376,71,163,174,0.0002330755,0.0169501802021978
GO:0032743,positive regulation of interleukin-2 production,446,14.73175,30,2.036419,0.005724098,0.06726457,15,29,30,0.0002342834,0.0169501802021978
GO:2000196,positive regulation of female gonad development,18,0.5945547,5,8.409655,0.0009540164,0.2777778,1,3,3,0.0002344352,0.0169501802021978
GO:0002757,immune response-activating signal transduction,4767,157.4579,202,1.282882,0.03854226,0.04237466,119,346,382,0.0002381682,0.0170857957842391
GO:0070887,cellular response to chemical stimulus,34776,1148.68,1253,1.090818,0.2390765,0.0360306,869,2387,2555,0.0002389077,0.0170857957842391
GO:0051051,negative regulation of transport,6392,211.133,262,1.240924,0.04999046,0.04098874,168,431,472,0.0002437532,0.0173380992367568
GO:1903169,regulation of calcium ion transmembrane transport,1854,61.23914,90,1.469648,0.0171723,0.04854369,57,128,137,0.0002472528,0.0174924709419355
GO:0055001,muscle cell development,2384,78.74547,111,1.409605,0.02117916,0.0465604,61,132,135,0.0002494266,0.0175518964139037
GO:0051223,regulation of protein transport,10464,345.6345,409,1.183331,0.07803854,0.03908639,262,716,760,0.0002549699,0.0178465367771277
GO:0060429,epithelium development,17070,563.8361,642,1.138629,0.1224957,0.03760984,379,969,1050,0.0002686259,0.0187029006248677
GO:0045738,negative regulation of DNA repair,327,10.80108,24,2.222,0.004579279,0.0733945,13,19,21,0.0002702784,0.0187189129768421
GO:0050731,positive regulation of peptidyl-tyrosine phosphorylation,2518,83.1716,116,1.394707,0.02213318,0.04606831,69,169,170,0.0002737815,0.0188622552801047
GO:0008217,regulation of blood pressure,2597,85.78104,119,1.387253,0.02270559,0.0458221,66,158,172,0.0002819498,0.0193238407197917
GO:1900040,regulation of interleukin-2 secretion,126,4.161883,13,3.123586,0.002480443,0.1031746,4,6,7,0.0002901852,0.0197852178590674
GO:0034330,cell junction organization,3329,109.9596,147,1.336855,0.02804808,0.0441574,84,189,195,0.0003017199,0.0204656297118557
GO:0001944,vasculature development,9399,310.4567,370,1.191793,0.07059721,0.03936589,213,466,481,0.0003041577,0.0205251855092308
GO:0001993,regulation of systemic arterial blood pressure by norepinephrine-epinephrine,178,5.879486,16,2.721326,0.003052853,0.08988764,7,9,9,0.0003057511,0.0205274424739796
GO:0043067,regulation of programmed cell death,22884,755.8773,843,1.11526,0.1608472,0.03683797,535,1383,1485,0.0003162244,0.0211228268
GO:0071393,cellular response to progesterone stimulus,29,0.9578937,6,6.263743,0.00114482,0.2068966,2,3,3,0.0003194919,0.0212059665522613
GO:0070201,regulation of establishment of protein localization,11226,370.804,435,1.173127,0.08299943,0.03874933,278,756,803,0.0003206921,0.0212059665522613
GO:1903706,regulation of hemopoiesis,7027,232.1076,284,1.223571,0.05418813,0.04041554,168,421,441,0.0003259384,0.021445117028
GO:0051205,protein insertion into membrane,352,11.62685,25,2.150196,0.004770082,0.07102273,12,20,22,0.000334642,0.0217530726334951
GO:0002694,regulation of leukocyte activation,6619,218.631,269,1.230384,0.05132608,0.04064058,152,428,464,0.000335905,0.0217530726334951
GO:0052040,modulation by symbiont of host programmed cell death,96,3.170959,11,3.468983,0.002098836,0.1145833,6,6,6,0.0003373017,0.0217530726334951
GO:0052433,modulation by organism of apoptotic process in other organism involved in symbiotic interaction,96,3.170959,11,3.468983,0.002098836,0.1145833,6,6,6,0.0003373017,0.0217530726334951
GO:0072358,cardiovascular system development,9721,321.0926,381,1.186574,0.07269605,0.0391935,217,474,490,0.0003399473,0.0217530726334951
GO:0043068,positive regulation of programmed cell death,9833,324.792,385,1.185374,0.07345926,0.03915387,230,562,597,0.0003405375,0.0217530726334951
GO:0030852,regulation of granulocyte differentiation,254,8.389828,20,2.383839,0.003816066,0.07874016,10,15,15,0.0003446339,0.0218236600291866
GO:1901379,regulation of potassium ion transmembrane transport,1234,40.76003,64,1.570166,0.01221141,0.05186386,33,66,70,0.000345099,0.0218236600291866
GO:1902533,positive regulation of intracellular signal transduction,13525,446.7418,516,1.15503,0.09845449,0.03815157,337,893,949,0.0003466179,0.0218236600291866
GO:0048667,cell morphogenesis involved in neuron differentiation,7946,262.4629,317,1.20779,0.06048464,0.03989429,180,373,393,0.0003516775,0.0220367287047393
GO:0010942,positive regulation of cell death,10454,345.3042,407,1.178671,0.07765694,0.03893247,244,605,643,0.0003533513,0.0220367287047393
GO:0060348,bone development,3527,116.4997,154,1.321892,0.02938371,0.04366317,93,160,166,0.0003585869,0.0222577595146226
GO:0051056,regulation of small GTPase mediated signal transduction,5212,172.1566,217,1.26048,0.04140431,0.04163469,123,288,313,0.0003636204,0.0223861397637209
GO:0050954,sensory perception of mechanical stimulus,2538,83.83222,116,1.383716,0.02213318,0.04570528,72,154,161,0.0003656478,0.0223861397637209
GO:0009893,positive regulation of metabolic process,48801,1611.937,1724,1.069521,0.3289449,0.03532714,1155,3019,3198,0.0003657588,0.0223861397637209
GO:0030036,actin cytoskeleton organization,6959,229.8615,281,1.222475,0.05361572,0.04037936,166,395,417,0.0003687325,0.0224636618865741
GO:0060065,uterus development,677,22.36186,40,1.78876,0.007632131,0.05908419,12,20,20,0.0003708906,0.0224866007762332
GO:0032990,cell part morphogenesis,9065,299.4244,357,1.192288,0.06811677,0.03938224,209,445,470,0.0003755175,0.0224866007762332
GO:0035847,uterine epithelium development,54,1.783664,8,4.485149,0.001526426,0.1481481,1,1,1,0.0003778526,0.0224866007762332
GO:0035849,nephric duct elongation,54,1.783664,8,4.485149,0.001526426,0.1481481,1,1,1,0.0003778526,0.0224866007762332
GO:0035852,horizontal cell localization,54,1.783664,8,4.485149,0.001526426,0.1481481,1,1,1,0.0003778526,0.0224866007762332
GO:0048585,negative regulation of response to stimulus,22169,732.2602,817,1.115724,0.1558863,0.03685326,514,1369,1439,0.0003796489,0.0224866007762332
GO:0048514,blood vessel morphogenesis,7569,250.0103,303,1.21195,0.05781339,0.04003171,176,366,376,0.0003810709,0.0224866007762332
GO:0042221,response to chemical,48611,1605.661,1717,1.069341,0.3276092,0.03532122,1220,3606,3981,0.0003908566,0.0229610803544643
GO:0090596,sensory organ morphogenesis,6065,200.3319,248,1.237946,0.04731921,0.04089035,130,241,247,0.0004024309,0.0234814436309735
GO:0032869,cellular response to insulin stimulus,2442,80.66126,112,1.388523,0.02136997,0.04586405,59,143,148,0.0004032834,0.0234814436309735
GO:0042092,type 2 immune response,201,6.639195,17,2.560552,0.003243656,0.08457711,6,10,11,0.0004115333,0.023786133370614
GO:0003321,positive regulation of blood pressure by epinephrine-norepinephrine,165,5.450085,15,2.752251,0.002862049,0.09090909,6,7,7,0.0004121315,0.023786133370614
GO:0043380,regulation of memory T cell differentiation,131,4.327037,13,3.004365,0.002480443,0.09923664,4,8,8,0.0004240662,0.0243680660515284
GO:1905332,positive regulation of morphogenesis of an epithelium,888,29.33137,49,1.670567,0.009349361,0.05518018,20,30,32,0.0004261469,0.0243781868073593
GO:0030856,regulation of epithelial cell differentiation,2912,96.18574,130,1.351552,0.02480443,0.04464286,60,128,132,0.0004279475,0.0243781868073593
GO:0009628,response to abiotic stimulus,15213,502.4978,574,1.142293,0.1095211,0.03773089,388,1032,1098,0.0004367023,0.0247696791625
GO:0006820,anion transport,6515,215.1958,264,1.22679,0.05037207,0.04052187,174,496,538,0.0004484487,0.025326765851073
GO:0007267,cell-cell signaling,17853,589.6992,666,1.129389,0.127075,0.03730465,409,1065,1123,0.0004547928,0.0254753835080508
GO:0032490,detection of molecule of bacterial origin,132,4.360068,13,2.981605,0.002480443,0.09848485,6,10,11,0.0004563358,0.0254753835080508
GO:0007588,excretion,529,17.4733,33,1.888595,0.006296508,0.06238185,19,43,45,0.0004568881,0.0254753835080508
GO:0048812,neuron projection morphogenesis,8702,287.4342,343,1.193317,0.06544553,0.03941623,196,417,441,0.0004593311,0.0255035356324895
GO:0001932,regulation of protein phosphorylation,19150,632.5402,711,1.124039,0.1356611,0.03712794,461,1264,1341,0.0004631942,0.0256099683941176
GO:1902939,negative regulation of intracellular calcium activated chloride channel activity,12,0.3963698,4,10.09159,0.0007632131,0.3333333,1,1,1,0.0004755575,0.0261604758041667
GO:0007409,axonogenesis,6962,229.9606,280,1.2176,0.05342492,0.04021833,154,326,344,0.000477127,0.0261604758041667
GO:0001819,positive regulation of cytokine production,4755,157.0615,199,1.267019,0.03796985,0.04185068,124,351,386,0.000485553,0.0263313747213115
GO:0035295,tube development,12390,409.2518,474,1.158211,0.09044076,0.03825666,255,525,546,0.0004879533,0.0263313747213115
GO:0055085,transmembrane transport,14719,486.1806,556,1.143608,0.1060866,0.03777431,384,1111,1197,0.0004881066,0.0263313747213115
GO:0021954,central nervous system neuron development,1819,60.08306,87,1.447996,0.01659989,0.04782848,39,65,69,0.000488248,0.0263313747213115
GO:0044093,positive regulation of molecular function,25532,843.3429,931,1.10394,0.1776379,0.03646405,604,1644,1744,0.0004955663,0.0266169671089796
GO:0009790,embryo development,18762,619.7242,697,1.124694,0.1329899,0.03714956,403,871,905,0.0005004136,0.0266790360777328
GO:0048858,cell projection morphogenesis,8825,291.497,347,1.190407,0.06620874,0.03932011,200,425,449,0.0005007768,0.0266790360777328
GO:0060712,spongiotrophoblast layer development,205,6.771318,17,2.51059,0.003243656,0.08292683,7,10,12,0.0005157213,0.0273644217205645
GO:0060341,regulation of cellular localization,13083,432.1422,498,1.152398,0.09502003,0.03806466,312,836,884,0.0005287447,0.027942777137751
GO:0031399,regulation of protein modification process,24647,814.1106,900,1.105501,0.171723,0.0365156,591,1618,1722,0.0005341291,0.0281144193076
GO:1902576,negative regulation of nuclear cell cycle DNA replication,71,2.345188,9,3.837645,0.00171723,0.1267606,2,4,4,0.0005451854,0.0284923486059055
GO:0009968,negative regulation of signal transduction,18866,623.1594,700,1.123308,0.1335623,0.03710378,432,1105,1158,0.0005483338,0.0284923486059055
GO:0042325,regulation of phosphorylation,20943,691.7644,772,1.115987,0.1473001,0.03686196,495,1383,1466,0.0005489768,0.0284923486059055
GO:0007586,digestion,1601,52.88234,78,1.474973,0.01488266,0.04871955,40,126,136,0.0005499701,0.0284923486059055
GO:0031401,positive regulation of protein modification process,16919,558.8484,632,1.130897,0.1205877,0.03735445,416,1108,1182,0.0005684054,0.0292061854501946
GO:0042531,positive regulation of tyrosine phosphorylation of STAT protein,830,27.41558,46,1.677878,0.008776951,0.05542169,27,60,60,0.0005703952,0.0292061854501946
GO:0051336,regulation of hydrolase activity,16003,528.5922,600,1.135091,0.114482,0.03749297,395,1092,1171,0.0005704073,0.0292061854501946
GO:0003044,regulation of systemic arterial blood pressure mediated by a chemical signal,558,18.4312,34,1.844698,0.006487312,0.0609319,17,37,44,0.0005726904,0.0292094301302326
GO:0048589,developmental growth,6958,229.8284,279,1.213949,0.05323412,0.04009773,152,325,343,0.0005801925,0.0293963993180077
GO:0050870,positive regulation of T cell activation,2779,91.79265,124,1.350871,0.02365961,0.04462037,65,182,201,0.0005813031,0.0293963993180077
GO:0071869,response to catecholamine,693,22.89036,40,1.747461,0.007632131,0.05772006,20,37,37,0.000583058,0.0293963993180077
GO:0001568,blood vessel development,9098,300.5144,356,1.184635,0.06792597,0.03912948,206,444,458,0.000587413,0.0295029300267176
GO:0060180,female mating behavior,119,3.930667,12,3.052917,0.002289639,0.1008403,5,9,9,0.0006018219,0.0301116896657795
GO:0097477,lateral motor column neuron migration,87,2.873681,10,3.479857,0.001908033,0.1149425,2,3,3,0.0006041879,0.0301155627882576
GO:0031325,positive regulation of cellular metabolic process,46160,1524.703,1630,1.069061,0.3110093,0.03531196,1084,2809,2970,0.0006346663,0.0314302961423221
GO:0009967,positive regulation of signal transduction,21639,714.7539,795,1.112271,0.1516886,0.03673922,526,1394,1476,0.0006374576,0.0314302961423221
GO:0032528,microvillus organization,172,5.681301,15,2.64024,0.002862049,0.0872093,10,12,13,0.00063773,0.0314302961423221
GO:0048646,anatomical structure formation involved in morphogenesis,15739,519.8721,590,1.134895,0.1125739,0.0374865,360,799,821,0.0006446791,0.031654224913806
GO:0030260,entry into host cell,1388,45.84678,69,1.505013,0.01316543,0.04971182,41,97,102,0.0006555639,0.0320690162085502
GO:1902838,regulation of nuclear migration along microtubule,6,0.1981849,3,15.13738,0.0005724098,0.5,1,1,1,0.0006682498,0.0325186024434307
GO:0051928,positive regulation of calcium ion transport,1340,44.2613,67,1.513738,0.01278382,0.05,47,101,106,0.0006697719,0.0325186024434307
GO:0030033,microvillus assembly,155,5.119777,14,2.734494,0.002671246,0.09032258,9,10,11,0.0006740858,0.0325186024434307
GO:0009595,detection of biotic stimulus,229,7.564057,18,2.379675,0.003434459,0.07860262,11,19,21,0.0006768429,0.0325186024434307
GO:0032270,positive regulation of cellular protein metabolic process,20986,693.1848,772,1.1137,0.1473001,0.03678643,502,1387,1486,0.0006771105,0.0325186024434307
GO:0045937,positive regulation of phosphate metabolic process,15148,500.3508,569,1.137202,0.1085671,0.03756271,381,1025,1093,0.0006796871,0.0325236456323636
GO:0045910,negative regulation of DNA recombination,288,9.512876,21,2.207534,0.004006869,0.07291667,10,21,24,0.000684128,0.0326175375072464
GO:0015711,organic anion transport,5117,169.0187,211,1.248383,0.04025949,0.0412351,137,387,418,0.0006990875,0.0332104419223827
GO:0097035,regulation of membrane lipid distribution,632,20.87548,37,1.772415,0.007059721,0.0585443,17,38,40,0.0007072666,0.0334781337748201
GO:0061217,regulation of mesonephros development,839,27.71286,46,1.659879,0.008776951,0.05482718,18,24,26,0.0007125184,0.033489748658363
GO:0072657,protein localization to membrane,5637,186.1947,230,1.235266,0.04388475,0.04080184,137,374,398,0.00071461,0.033489748658363
GO:0072224,metanephric glomerulus development,289,9.545907,21,2.199896,0.004006869,0.07266436,6,11,11,0.000715147,0.033489748658363
GO:0072677,eosinophil migration,46,1.519418,7,4.607028,0.001335623,0.1521739,5,9,10,0.0007378586,0.0343091212628975
GO:1905600,regulation of receptor-mediated endocytosis involved in cholesterol transport,46,1.519418,7,4.607028,0.001335623,0.1521739,3,3,3,0.0007378586,0.0343091212628975
GO:0050714,positive regulation of protein secretion,3060,101.0743,134,1.325757,0.02556764,0.04379085,79,221,232,0.0007410529,0.0343225830198606
GO:1903039,positive regulation of leukocyte cell-cell adhesion,2903,95.88847,128,1.334884,0.02442282,0.04409232,68,190,210,0.0007465194,0.0343225830198606
GO:0071840,cellular component organization or biogenesis,70028,2313.082,2426,1.048817,0.4628888,0.03464329,1763,5174,5495,0.0007466363,0.0343225830198606
GO:0007163,establishment or maintenance of cell polarity,3219,106.3262,140,1.316703,0.02671246,0.04349177,77,156,162,0.0007485813,0.0343225830198606
GO:0048705,skeletal system morphogenesis,5128,169.382,211,1.245705,0.04025949,0.04114665,118,204,208,0.0007754413,0.0354306668982639
GO:0097475,motor neuron migration,194,6.407979,16,2.496887,0.003052853,0.08247423,4,7,7,0.0007864447,0.0358090858384083
GO:0009056,catabolic process,20729,684.6958,762,1.112903,0.1453921,0.03676009,518,1635,1757,0.0007910347,0.0358938814389655
GO:0001890,placenta development,2988,98.69609,131,1.327307,0.02499523,0.04384203,72,140,146,0.000806731,0.0364803203745704
GO:2000780,negative regulation of double-strand break repair,292,9.644999,21,2.177294,0.004006869,0.07191781,11,17,19,0.0008156063,0.0366113994816327
GO:0033625,positive regulation of integrin activation,75,2.477311,9,3.632971,0.00171723,0.12,3,5,5,0.0008172699,0.0366113994816327
GO:0050708,regulation of protein secretion,5926,195.7406,240,1.226112,0.04579279,0.04049949,150,390,412,0.0008179764,0.0366113994816327
GO:1904743,negative regulation of telomeric DNA binding,47,1.552448,7,4.509006,0.001335623,0.1489362,2,2,2,0.0008424613,0.0375408386124161
GO:0051216,cartilage development,3521,116.3015,151,1.298349,0.0288113,0.04288554,85,145,150,0.0008446892,0.0375408386124161
GO:0090189,regulation of branching involved in ureteric bud morphogenesis,684,22.59308,39,1.726192,0.007441328,0.05701754,16,21,23,0.0008487265,0.0375408386124161
GO:0051251,positive regulation of lymphocyte activation,3815,126.0126,162,1.285586,0.03091013,0.04246396,89,240,262,0.0008501535,0.0375408386124161
GO:0008045,motor neuron axon guidance,549,18.13392,33,1.819794,0.006296508,0.06010929,16,22,23,0.0008574734,0.0376575533196667
GO:0090279,regulation of calcium ion import,1477,48.78652,72,1.475818,0.01373784,0.04874746,48,99,107,0.0008585201,0.0376575533196667
GO:0051924,regulation of calcium ion transport,2863,94.56723,126,1.332385,0.02404121,0.04400978,85,206,221,0.0008728335,0.0381581927790698
GO:0061458,reproductive system development,8038,265.5017,316,1.190199,0.06029384,0.03931326,175,402,418,0.0008858766,0.0384755653567657
GO:1900117,regulation of execution phase of apoptosis,419,13.83991,27,1.950879,0.005151689,0.06443914,13,23,24,0.0008859409,0.0384755653567657
GO:2000514,regulation of CD4-positive, alpha-beta T cell activation,755,24.93827,42,1.684159,0.008013738,0.05562914,20,44,48,0.0008925622,0.0386356118085526
GO:1904427,positive regulation of calcium ion transmembrane transport,849,28.04317,46,1.640328,0.008776951,0.05418139,30,59,62,0.0009065214,0.0390647362705882
GO:0051247,positive regulation of protein metabolic process,22149,731.5996,810,1.107163,0.1545507,0.0365705,525,1469,1576,0.0009084132,0.0390647362705882
GO:0009409,response to cold,710,23.45188,40,1.70562,0.007632131,0.05633803,19,47,49,0.0009203722,0.0393793670558442
GO:0086024,adrenergic receptor signaling pathway involved in positive regulation of heart rate,35,1.156079,6,5.189958,0.00114482,0.1714286,1,1,1,0.0009217148,0.0393793670558442
GO:2001032,regulation of double-strand break repair via nonhomologous end joining,197,6.507071,16,2.458863,0.003052853,0.08121827,7,12,13,0.0009261637,0.039441385528479
GO:0010033,response to organic substance,37591,1241.662,1337,1.076783,0.255104,0.03556702,925,2572,2753,0.0009345212,0.0396689176477419
GO:0051279,regulation of release of sequestered calcium ion into cytosol,1139,37.6221,58,1.541647,0.01106659,0.05092186,35,70,73,0.000966785,0.0409065074437299
GO:0050793,regulation of developmental process,38459,1270.332,1366,1.075309,0.2606373,0.03551834,904,2233,2362,0.0009756506,0.0411493148891026
GO:0043266,regulation of potassium ion transport,1410,46.57345,69,1.481531,0.01316543,0.04893617,36,82,89,0.0009816183,0.0412687386891374
GO:0033277,abortive mitotic cell cycle,24,0.7927396,5,6.307241,0.0009540164,0.2083333,2,2,2,0.0009859741,0.0413198508977707
GO:0045595,regulation of cell differentiation,28786,950.8251,1037,1.090632,0.197863,0.03602446,653,1583,1672,0.0009918888,0.0414357610133333
GO:0071396,cellular response to lipid,7497,247.632,296,1.195322,0.05647777,0.03948246,192,454,485,0.000995993,0.0414755439462025
GO:0009892,negative regulation of metabolic process,39235,1295.964,1392,1.074104,0.2655982,0.03547853,882,2402,2580,0.001003339,0.0415874884213836
GO:0030010,establishment of cell polarity,2197,72.56871,100,1.378004,0.01908033,0.04551661,52,97,101,0.001005002,0.0415874884213836
GO:0006869,lipid transport,3033,100.1825,132,1.317596,0.02518603,0.04352127,83,251,274,0.001011997,0.0417456693510972
GO:0050886,endocrine process,737,24.34371,41,1.684213,0.007822935,0.05563094,18,39,46,0.001017746,0.04185162379375
GO:0051174,regulation of phosphorus metabolic process,24183,798.7843,879,1.100422,0.1677161,0.03634785,581,1615,1715,0.00103376,0.0423777191277259
GO:0050865,regulation of cell activation,7198,237.7558,285,1.198709,0.05437894,0.03959433,162,464,500,0.001047037,0.0427850014922601
GO:0002764,immune response-regulating signaling pathway,5270,174.0724,215,1.235118,0.04102271,0.04079696,130,376,414,0.001050198,0.0427850014922601
GO:0061564,axon development,7339,242.4132,290,1.196305,0.05533295,0.03951492,162,353,374,0.00106454,0.0431425036402439
GO:0048598,embryonic morphogenesis,13002,429.4667,491,1.143278,0.09368441,0.03776342,263,538,550,0.001067223,0.0431425036402439
GO:0043622,cortical microtubule organization,110,3.63339,11,3.027476,0.002098836,0.1,4,4,4,0.001072251,0.0431425036402439
GO:0034183,negative regulation of maintenance of mitotic sister chromatid cohesion,36,1.189109,6,5.045793,0.00114482,0.1666667,1,1,3,0.001075366,0.0431425036402439
GO:1904908,negative regulation of maintenance of mitotic sister chromatid cohesion, telomeric,36,1.189109,6,5.045793,0.00114482,0.1666667,1,1,2,0.001075366,0.0431425036402439
GO:0009214,cyclic nucleotide catabolic process,361,11.92413,24,2.012726,0.004579279,0.06648199,13,17,17,0.001088673,0.0435436109635258
GO:0010604,positive regulation of macromolecule metabolic process,46701,1542.572,1643,1.065104,0.3134898,0.03518126,1092,2838,3005,0.001092226,0.0435533391939394
GO:0016049,cell growth,2049,67.68015,94,1.388886,0.01793551,0.04587604,52,107,118,0.001101257,0.0437807881057402
GO:0034340,response to type I interferon,558,18.4312,33,1.790443,0.006296508,0.05913978,23,54,67,0.001121302,0.0444434127048193
GO:1901701,cellular response to oxygen-containing compound,14047,463.9839,527,1.135815,0.1005533,0.03751691,336,850,891,0.001181449,0.0465661157634731
GO:0022414,reproductive process,18760,619.6582,691,1.115131,0.1318451,0.03683369,425,1256,1355,0.001181935,0.0465661157634731
GO:0001545,primary ovarian follicle growth,25,0.8257705,5,6.054951,0.0009540164,0.2,1,3,3,0.001199118,0.0471020709313433
GO:0034220,ion transmembrane transport,10780,356.0722,412,1.157069,0.07861095,0.03821892,279,789,847,0.001207084,0.0471787524674556
GO:0035378,carbon dioxide transmembrane transport,15,0.4954623,4,8.073268,0.0007632131,0.2666667,2,3,3,0.001211243,0.0471787524674556
GO:2000209,regulation of anoikis,322,10.63592,22,2.068462,0.004197672,0.06832298,12,23,23,0.001211826,0.0471787524674556
GO:2000811,negative regulation of anoikis,261,8.621044,19,2.203909,0.003625262,0.07279693,10,16,16,0.001220631,0.0473813667522124
GO:0019220,regulation of phosphate metabolic process,24020,793.4003,872,1.099067,0.1663805,0.03630308,574,1603,1701,0.001235639,0.0478228635323529
GO:1903242,regulation of cardiac muscle hypertrophy in response to stress,165,5.450085,14,2.568767,0.002671246,0.08484848,7,9,9,0.001239395,0.0478275624780059
GO:1902580,single-organism cellular localization,12317,406.8406,466,1.145412,0.08891433,0.03783389,304,835,880,0.001245566,0.0479251549532164
GO:0030854,positive regulation of granulocyte differentiation,147,4.85553,13,2.677359,0.002480443,0.08843537,6,8,8,0.001251971,0.0480311556530612
GO:0019674,NAD metabolic process,887,29.29834,47,1.604187,0.008967754,0.0529876,30,67,68,0.001263241,0.0483226404622093
GO:0042326,negative regulation of phosphorylation,8034,265.3696,314,1.183255,0.05991223,0.03908389,181,432,447,0.001292894,0.0493136004231884
GO:0042509,regulation of tyrosine phosphorylation of STAT protein,960,31.70959,50,1.57681,0.009540164,0.05208333,30,70,70,0.00130001,0.0494417097976879
